P05202,122,CKASAELALGENNEVLKSGRFVTVQTISGTGAL
P05202,227,ACAHNPTGVDPRPEQWKEIASVVKKKNLFAFFD
P05202,234,GVDPRPEQWKEIASVVKKKNLFAFFDMAYQGFA
P05202,296,NMGLYGERVGAFTVVCKDAEEAKRVESQLKILI
P05202,302,ERVGAFTVVCKDAEEAKRVESQLKILIRPLYSN
P05202,309,VVCKDAEEAKRVESQLKILIRPLYSNPPLNGAR
P05202,338,NGARIAATILTSPDLRKQWLQEVKGMADRIISM
P05202,363,MADRIISMRTQLVSNLKKEGSSHNWQHITDQIG
P05202,396,MFCFTGLKPEQVERLTKEFSVYMTKDGRISVAG
P05202,404,PEQVERLTKEFSVYMTKDGRISVAGVTSGNVGY
P05202,59,PILGVTEAFKRDTNSKKMNLGVGAYRDDNGKPY
P05202,73,SKKMNLGVGAYRDDNGKPYVLPSVRKAEAQIAA
P05202,82,AYRDDNGKPYVLPSVRKAEAQIAAKNLDKEYLP
P05202,90,PYVLPSVRKAEAQIAAKNLDKEYLPIGGLAEFC
P00329,339,FKSKDSVPKLVADFMAKKFPLDPLITHVLPFEK
P00329,40,IEDIEVAPPKAHEVRIKMVATGVCRSDDHVVSG
P16460,112,PCIARRQVEIAQREGAKYVSHGATGKGNDQVRF
P16460,121,IAQREGAKYVSHGATGKGNDQVRFELTCYSLAP
P16460,239,LEIEFKKGVPVKVTNIKDGTTRTTSLELFMYLN
P16460,58,EDFEEARKKALKLGAKKVFIEDVSKEFVEEFIW
P00015,87,NPKKYIPGTKMIFAGIKKKSEREDLIKYLKQAT
P26443,363,ELEDFKLQHGSILGFPKAKVYEGSILEADCDIL
P26443,390,ADCDILIPAASEKQLTKSNAPRVKAKIIAEGAN
P26443,399,ASEKQLTKSNAPRVKAKIIAEGANGPTTPEADK
P26443,480,YHLLMSVQESLERKFGKHGGTIPVVPTAEFQDR
P26443,503,VVPTAEFQDRISGASEKDIVHSGLAYTMERSAR
P26443,527,AYTMERSARQIMRTAMKYNLGLDLRTAAYVNAI
P26443,545,NLGLDLRTAAYVNAIEKVFKVYNEAGVTFTXXX
P26443,84,KMVEGFFDRGASIVEDKLVEDLKTRESEEQKRN
P26443,90,FDRGASIVEDKLVEDLKTRESEEQKRNRVRGIL
P13745,196,LLKAFKSRISSLPNVKKFLQPGSQRKPPMDAKQ
P10649,144,LKTIPEKMKLYSEFLGKRPWFAGDKVTYVDFLA
P10853,117,LLLPGELAKHAVSEGTKAVTKYTSSKXXXXXXX
P10853,121,GELAKHAVSEGTKAVTKYTSSKXXXXXXXXXXX
P10853,6,XXXXXXXXXXXMPEPAKSAPAPKKGSKKAVTKA
P01942,12,XXXXXMVLSGEDKSNIKAAWGKIGGHGAEYGAE
P11725,144,ARVLSSMTDAVLARVYKQSDLDTLAKEASIPIV
P11725,221,MMSAAKFGMHLQAATPKGYEPDPNIVKLAEQYA
P11725,231,LQAATPKGYEPDPNIVKLAEQYAKENGTKLSMT
P11725,238,GYEPDPNIVKLAEQYAKENGTKLSMTNDPLEAA
P11725,274,NVLITDTWISMGQEDEKKKRLQAFQGYQVTMKT
P11725,289,EKKKRLQAFQGYQVTMKTAKVAASDWTFLHCLP
P11725,292,KRLQAFQGYQVTMKTAKVAASDWTFLHCLPRKP
P11725,307,AKVAASDWTFLHCLPRKPEEVDDEVFYSPRSLV
P11725,70,QYMLWLSADLKFRIKQKGEYLPLLQGKSLGMIF
P11725,88,EYLPLLQGKSLGMIFEKRSTRTRLSTETGFALL
P08228,137,HEKQDDLGKGGNEESTKTGNAGSRLACGVIGIA
P25688,185,GFEGFLKDQFTTLPEVKDRCFATQVYCKWRYQR
P25688,220,VDFEAIWGAVRDIVLQKFAGPYDKGEYSPSVQK
P25688,227,GAVRDIVLQKFAGPYDKGEYSPSVQKTLYDIQV
P25688,23,NYGKNDEVEFVRTGYGKDMVKVLHIQRDGKYHS
P25688,36,GYGKDMVKVLHIQRDGKYHSIKEVATSVQLTLR
P25688,55,SIKEVATSVQLTLRSKKDYLHGDNSDIIPTDTI
P25688,72,DYLHGDNSDIIPTDTIKNTVHVLAKLRGIRNIE
P30115,211,KKFLQPGSQRKPFDDAKCVESAKKIFSXXXXXX
P30115,84,TKAILNYIASKYNLYGKDMKERAIIDMYTEGVA
Q03265,161,ELLGRVVDALGNAIDGKGPIGSKTRRRVGLKAP
Q03265,239,IDTIINQKRFNDGTDEKKKLYCIYVAIGQKRST
Q03265,261,IYVAIGQKRSTVAQLVKRLTDADAMKYTIVVSA
Q03265,427,GLSVSRVGSAAQTRAMKQVAGTMKLELAQYREV
Q03265,498,EEQVAVIYAGVRGYLDKLEPSKITKFENAFLSH
Q03265,531,VISQHQSLLGNIRSDGKISEQSDAKLKEIVTNF
Q03265,539,LGNIRSDGKISEQSDAKLKEIVTNFLAGFEPXX
P35486,321,EEIQEVRSKSDPIMLLKDRMVNSNLASVEELKE
P35486,83,MMQTVRRMELKADQLYKQKIIRGFCHLCDGQEA
P45952,179,PSAGSDVAAIKTKAEKKGDEYVINGQKMWITNG
P45952,212,GKANWYFLLARSNPDPKVPASKAFTGFIVEADT
P45952,217,YFLLARSNPDPKVPASKAFTGFIVEADTPGIHI
P45952,259,RCSDTRGIAFEDVRVPKENVLIGEGAGFKIAMG
P45952,79,VAPEYDKSGEYPFPLIKRAWELGLINAHIPESC
P46656,86,KITVHFKNRDGETLTTKGKIGDSLLDVVIENNL
P47738,370,FDSRTEQGPQVDETQFKKILGYIKSGQQEGAKL
P47738,377,GPQVDETQFKKILGYIKSGQQEGAKLLCGGGAA
P47738,385,FKKILGYIKSGQQEGAKLLCGGGAAADRGYFIQ
P47738,430,IAKEEIFGPVMQILKFKTIEEVVGRANDSKYGL
P47738,75,VNPSTGEVICQVAEGNKEDVDKAVKAARAAFQL
P51881,147,VYPLDFARTRLAADVGKAGAEREFKGLGDCLVK
P51881,43,APIERVKLLLQVQHASKQITADKQYKGIIDCVV
P50136,386,WWDEEQEKAWRKQSRKKVMEAFEQAERKLKPNP
P52196,14,XXXMVHQVLYRALVSTKWLAESIRSGRLGPSLR
P52196,175,LSLLKTYEQVLENLQSKRFQLVDSRAQGRYLGT
P52196,224,SVNMPFMDFLTKDGFEKSPEELRAIFQDKKVDL
P52196,237,GFEKSPEELRAIFQDKKVDLSQPLIATCRKGVT
Q61176,41,EKGPAALRKAGLLEKLKETEYDVRDHGDLAFVD
Q64433,36,RSAAETVTKGGIMLPEKSQGKVLQATVVAVGSG
Q64433,40,ETVTKGGIMLPEKSQGKVLQATVVAVGSGGKGK
Q64433,54,QGKVLQATVVAVGSGGKGKSGEIEPVSVKVGDK
Q64433,56,KVLQATVVAVGSGGKGKSGEIEPVSVKVGDKVL
Q64433,66,GSGGKGKSGEIEPVSVKVGDKVLLPEYGGTKVV
Q64433,70,KGKSGEIEPVSVKVGDKVLLPEYGGTKVVLDDK
Q64433,8,XXXXXXXXXMAGQAFRKFLPLFDRVLVERSAAE
Q64433,80,SVKVGDKVLLPEYGGTKVVLDDKDYFLFRDSDI
Q64374,239,RVIRLDPETGKRLQTVKLPVDKTTSCCFGGKDY
Q64374,244,DPETGKRLQTVKLPVDKTTSCCFGGKDYSEMYV
P97450,94,LKQMYGKGEMDTFPTFKFDDPKFEVIDKPQSXX
P97450,99,GKGEMDTFPTFKFDDPKFEVIDKPQSXXXXXXX
P56382,21,WRQAGLSYIRFSQICAKAVRDALKTEFKANAEK
P56382,37,KAVRDALKTEFKANAEKTSGSSIKIVKVSKKEX
P56382,44,KTEFKANAEKTSGSSIKIVKVSKKEXXXXXXXX
P09671,122,SPKGGGEPKGELLEAIKRDFGSFEKFKEKLTAV
P09671,130,KGELLEAIKRDFGSFEKFKEKLTAVSVGVQGSG
O35215,110,DRIVIRFFPLEAWQIGKKGTVMTFLXXXXXXXX
O35215,33,AGLENRLCAATATILDKPEDRVSVTIRPGMTLL
O35459,230,VIGNQSLVNELTFSARKMMADEALDSGLVSRVF
O35459,316,MLQTQDIIKSVQAAMEKRDTKSITFSKLXXXXX
O08756,107,CAGIAVAIKTYHQKKNKIHTLEDFQRVINVNLI
O08756,53,AVLLDVPDSEGESQAKKLGESCIFAPANVTSEK
O35490,232,NCHFDPSVSLQTVKLMKEGLEAARLKAYLMSQP
O35490,283,FPFGLEPRVATRWDIQKYAREAYNLGVRYIGGC
O35490,349,SGLDMHTKPWIRARARKEYWQNLRIASGRPYNP
O35490,98,KLENRGNYVAEKISGQKVNEAACDIARQVADEG
O55137,338,QDDHNWKSEFYADEISKRLQAHGKEKPQIICYP
O55137,42,LAPEQPVTLRSVLRDEKGALFRAHARYRADSHG
P70694,301,EFQLTSEDMKVLDDLNKNIRYISGSSFKDHPDF
P12710,46,QKGKDIKGVSEIVHEGKKIKLTITYGPKVVRNE
P12710,84,ECELETMTGEKVKAVVKLEGDNKMVTTFKGIKS
P12710,90,MTGEKVKAVVKLEGDNKMVTTFKGIKSVTELNG
O35943,189,SHDGVSLHELLARELTKALNTKLDLSSLAYSGK
P50544,122,LVGPVARFFEEVNDPAKNDALEKVEDDTLQGLK
P50544,277,TVFAKTPIKDAATGAVKEKITAFVVERSFGGVT
P50544,299,FVVERSFGGVTHGLPEKKMGIKASNTSEVYFDG
P50544,483,DILRLFVALQGCMDKGKELTGLGNALKNPFGNV
P50544,557,LDQFATVVEAKLVKHKKGIVNEQFLLQRLADGA
O88986,184,AHKYRYRHLDMADLEAKLKEAQKHRLRLVATDG
O88986,42,CILDSELEGIRGAGTWKSERVITSRQGPSIRVD
Q9WUR9,186,RLRRYKDAAKPVIELYKSRGVLHQFSGTETNRI
O08997,60,SEHSSDTLLATLNKTGKAVSYLGPKXXXXXXXX
Q9Z2Y8,125,PNLSMLETVDSVKLADKVNSSWQKKGPTEPLKV
Q9WU19,245,TSLPIVVKGILRGDDAKEAVKHGVDGILVSNHG
P17182,420,LAKYNQILRIEEELGSKAKFAGRSFRNPLAKXX
Q9DB77,250,AEQFLNMRGGLGLAGAKAKYRGGEIREQNGDNL
O55125,146,GGYPALMDCMNKLKNNKEYLEFRKERSKMLLSR
O55125,191,EPQPRAGPNIYELRTYKLKPGTMIEWGNNWARA
O55125,193,QPRAGPNIYELRTYKLKPGTMIEWGNNWARAIK
O55125,56,EGSWFRSLFVHKVDPRKDAHSTLLSKKETSNLY
Q9DB15,165,IKEIKNYVQGINLVQAKKLVESLPQEIKANVAK
Q9DB15,166,KEIKNYVQGINLVQAKKLVESLPQEIKANVAKA
Q9DB15,181,KKLVESLPQEIKANVAKAEAEKIKAALEAVGGT
Q9EP89,270,KEKGGKNNEKSDAPKAKVEQDSEARCRSAKPGK
Q9EP89,288,EQDSEARCRSAKPGKKKNDFEQGELYLKEKFEN
Q99KR7,189,VKEGMDVVKKIESFGSKSGKTSKKIVITDCGQL
Q9QXE0,368,WWKTLREKMKSNEAISKELASQKSLPMNYYTVF
P56480,124,VRTIAMDGTEGLVRGQKVLDSGAPIKIPVGPET
P56480,133,EGLVRGQKVLDSGAPIKIPVGPETLGRIMNVIG
P56480,198,ILVTGIKVVDLLAPYAKGGKIGLFGGAGVGKTV
Q91VR2,154,KGILYRTHSDQFLVSFKDVGRKPPTFGDASVIA
Q61425,185,LHFFNPVPMMKLVEVIKTPMTSQKTFESLVDFC
Q61425,192,PMMKLVEVIKTPMTSQKTFESLVDFCKTLGKHP
Q61425,212,SLVDFCKTLGKHPVSCKDTPGFIVNRLLVPYLI
Q61425,241,PYLIEAVRLHERGDASKEDIDTAMKLGAGYPMG
Q61425,312,LVAQKKLGKKTGEGFYKYKXXXXXXXXXXXXXX
Q61425,68,TVVLVDQTEDILAKSKKGIEESLKRMAKKKFTE
Q61425,75,TEDILAKSKKGIEESLKRMAKKKFTENPKAGDE
Q61425,80,AKSKKGIEESLKRMAKKKFTENPKAGDEFVEKT
Q61425,81,KSKKGIEESLKRMAKKKFTENPKAGDEFVEKTL
Q61425,87,EESLKRMAKKKFTENPKAGDEFVEKTLSCLSTS
Q99J08,393,VSFTVEVLLPDKAAEEKMNQQGADTPKXXXXXX
P48962,272,DCWRKIAKDEGANAFFKGAWSNVLRGMGGAFVL
Q9JII6,127,LMHWPYAFERGDNPFPKNADGTVRYDSTHYKET
Q9D023,26,RATYHRLMDKVELLLPKKLRPLYNHPAGPRTVF
Q9CQR4,127,KTLAFASVDLTNKTTGKLIAQGRHTKHLGNXXX
Q9CQR4,13,XXXXMSSMTQNLREVMKVMFKVPGFDRVLEKVT
Q9CQR4,17,MSSMTQNLREVMKVMFKVPGFDRVLEKVTLVSA
Q9CQR4,27,VMKVMFKVPGFDRVLEKVTLVSAAPEKLICEMK
Q9CQR4,37,FDRVLEKVTLVSAAPEKLICEMKVEEQHTNKLG
Q9CQR4,43,KVTLVSAAPEKLICEMKVEEQHTNKLGTLHGGL
Q9DCX2,78,AKPGLVDDFEKKYNALKIPVPEDKYTALVDQEE
Q9DBL1,278,QLTFENVKVPETNILGKIGHGYKYAIGSLNEGR
Q9DBL1,284,VKVPETNILGKIGHGYKYAIGSLNEGRIGIAAQ
Q91Y97,13,XXXXMAHRFPALTPEQKKELSEIAQRIVANGKG
Q9WTP7,165,GIDDLTGEPLIQREDDKPETVIKRLKAYEAQTE
Q9WTP7,171,GEPLIQREDDKPETVIKRLKAYEAQTEPVLQYY
Q9WTP7,174,LIQREDDKPETVIKRLKAYEAQTEPVLQYYQKK
Q9WTP7,189,LKAYEAQTEPVLQYYQKKGVLETFSGTETNKIW
Q9WTP7,20,SGRLLRAVIMGAPGSGKGTVSSRITKHFELKHL
Q9WTP7,29,MGAPGSGKGTVSSRITKHFELKHLSSGDLLRQN
Q9WTP7,34,SGKGTVSSRITKHFELKHLSSGDLLRQNMLQGT
Q9WTP7,64,QGTEIGVLAKTFIDQGKLIPDDVMTRLALHELK
Q9QZA0,249,SLTTPPLSESVTWIIKKQPVEVDRDQLEQFRTL
Q9D7B6,211,ESDIYVVMCRTGGSGAKGISCIVVEKGTPGLSF
Q922B1,101,VDLSTSTDWKEAKSFLKGLSDKQREEHYFCKDF
Q922B1,94,PLAMAAKVDLSTSTDWKEAKSFLKGLSDKQREE
P51174,254,GMKGFIKGRKLHKMGMKAQDTAELFFEDVRLPA
P51174,322,MFEETRNYVKQRKAFGKTVAHIQTVQHKLAELK
P51174,43,CSHSGAEARLETPSAKKLTDVGIRRIFSSEHDI
P51174,81,RKFFQEEVIPHHTEWEKAGEVSREVWEKAGKQG
P32020,40,FMKPGGENSRDYPDMAKEAGQKALEDAQIPYSA
P32020,438,APTSSAGDGFKANLVFKEIEKKLEEEGEQFVKK
P32020,443,AGDGFKANLVFKEIEKKLEEEGEQFVKKIGGIF
P32020,453,FKEIEKKLEEEGEQFVKKIGGIFAFKVKDGPGG
P32020,454,KEIEKKLEEEGEQFVKKIGGIFAFKVKDGPGGK
P32020,464,GEQFVKKIGGIFAFKVKDGPGGKEATWVVDVKN
P32020,470,KIGGIFAFKVKDGPGGKEATWVVDVKNGKGSVL
P32020,479,VKDGPGGKEATWVVDVKNGKGSVLPNSDKKADC
P32020,522,ALMTGKMNPQSAFFQGKLKIAGNMGLAMKLQNL
P32020,544,NMGLAMKLQNLQLQPGKAKLXXXXXXXXXXXXX
P32020,7,XXXXXXXXXXMPSVALKSPRLRRVFVVGVGMTK
Q99L13,124,AVEVYSGANGILKKVKKGSLLIDSSTIDPSVSK
Q99L13,237,GTAEAMNLGIRSGLDPKLLAKILNMSSGRCWSS
Q99L13,241,AMNLGIRSGLDPKLLAKILNMSSGRCWSSDTYN
Q99L13,78,YPLILYDVFPDVCKEFKEAGEQVASSPAEVAEK
Q99L13,94,KEAGEQVASSPAEVAEKADRIITMLPSSMNAVE
Q9DBL7,553,SHVTQSQVEKAWNLLQKRLPKAYQTRNXXXXXX
Q8CFA2,368,PSPSLKKNVAMGYVPFKYSRPGTQLLVEVRRKQ
Q91W43,877,RGYVAHEFILDTRPFKKSANVEAVDVAKRLQDY
Q9JLZ3,119,IIRSEVPGIFCAGADLKERAKMHSSEVGPFVSK
Q9JLZ3,123,EVPGIFCAGADLKERAKMHSSEVGPFVSKIRSV
Q9JLZ3,179,LELALACDIRVAASSAKMGLVETKLAIIPGGGG
Q9JLZ3,186,DIRVAASSAKMGLVETKLAIIPGGGGTQRLPRA
Q9JLZ3,304,AQTISTKDRLEGLLAFKEKRPPRYKGEXXXXXX
Q9JLZ3,75,EENRGIVVLGINRAYGKNALSKNLLKMLSKAVD
Q9JLZ3,88,AYGKNALSKNLLKMLSKAVDALKSDKKVRTIII
Q9D273,224,NRLSDYLFTVARYAAMKEGSQEKIYKKHDVXXX
Q8R164,119,RPPDRDFPRDFFERDAKDAVDLMKALQFKQVSL
Q8R164,126,PRDFFERDAKDAVDLMKALQFKQVSLLGWSDGG
Q8R164,191,IYQGIRDVSKWSEKARKPLEALYGYDYLAKTCE
Q8BJ64,287,GTRAVGVEYIKDGQRHKAYVSREVILSGGAINS
Q8BJ64,415,DIQFHFLPSQVIDHGRKPTQQEAYQVHVGTMRA
Q8BJ64,486,LSREIFAQEALAPFRGKELQPGSHVQSDKEIDA
Q9D6Y7,104,STQVGFAGGHTRNPTYKEVCSEKTGHAEVVRVV
Q9D6Y7,183,MEAALRSKEEYQKVLSKHNFGPITTDIREGQVF
Q99K67,138,LLDEVLKQEIRLIDYEKMVDHRGSRIVAFGQWA
Q99K67,274,RKVYGTVLSRHHHLVRKTDGVYDPVEYEKYPER
Q99K67,286,HLVRKTDGVYDPVEYEKYPERYTSRFNTDIAPY
Q99K67,535,QLSKKYNINPVSLTVGKQEAKLQSLVESQDLVI
Q99K67,780,LCDLVGISRSSPCEKLKEVVFTKLGGDNTQLEA
Q9WVM8,263,LSMDVDGRVIRADTFSKTVSSGLRVGFMTGPKT
Q9WVM8,28,LARKPSPIRTTADILSKAPKTLISLAPGSPNPS
Q9WVM8,367,KAGMFLWIKVKGISDTKQLIEEKAIEREVLLVP
Q9WVM8,373,WIKVKGISDTKQLIEEKAIEREVLLVPGNGFFI
Q9WVM8,69,FTVENGSTIRFEDDLIKRALQYSPSYGIPELLS
Q8BTY1,413,IRFCFVKDKATLQAMDKRLCSWKGEPQAXXXXX
Q9CQE1,105,KYDNFAHRTAVRKALAKDKEWQERFLIPNLAFI
Q9CQE1,107,DNFAHRTAVRKALAKDKEWQERFLIPNLAFIDK
Q9CQE1,166,TFQMKPGGPALWGNAFKRAVNAHVELGYSTLVG
Q9CQE1,45,PRQSNGTFYEFRTYFLKPSKTNEFLENFKNSVH
Q9CQE1,48,SNGTFYEFRTYFLKPSKTNEFLENFKNSVHLRT
Q9CQE1,57,TYFLKPSKTNEFLENFKNSVHLRTAHSEMIGYW
Q91Z53,327,NNLLAGLRGEAMPSELKLXXXXXXXXXXXXXXX
Q91Z53,66,VGAHGLLCRLSDRVDKKLLDAAGANLRVISTLS
Q9DCM2,165,TAQAQHFLEKISTQQVKNKLIENTDAACKYGAF
Q9DCM2,167,QAQHFLEKISTQQVKNKLIENTDAACKYGAFGL
Q9DCM2,68,GNQPPAMVPRKGQYIFKEIPLLKQFFQVPLNIP
Q9DCM2,93,FQVPLNIPKDFFGETVKKGSINAMRFLTTVSME
Q9DB20,162,ASPLDDAVLSELKTVLKSFLSPNQILKLEIKTD
Q9DB20,199,GGMIVRIGEKYVDMSAKSKIQKLSKAMREMLXX
Q9DB20,54,EGRYATALYSAASKEKKLDQVEKELLRVGQLLK
Q9DB20,60,ALYSAASKEKKLDQVEKELLRVGQLLKDPKVSL
Q9DB20,70,KLDQVEKELLRVGQLLKDPKVSLAVLNPYIKRT
Q9DB20,73,QVEKELLRVGQLLKDPKVSLAVLNPYIKRTVKV
Q9DB20,90,VSLAVLNPYIKRTVKVKSLNDITKREKFSPLTA
Q9DB20,97,PYIKRTVKVKSLNDITKREKFSPLTANLMNLLA
P52760,13,XXXXMSSIIRKVISTTKAPAAIGPYSQAVQVDR
P52760,60,GQLVPGGVVEEAKQALKNLGEILKAAGCDFNNV
P52760,67,VVEEAKQALKNLGEILKAAGCDFNNVVKTTVLL
P61922,231,GAFHGRTMGCLATTHSKAIHKIDIPSFDWPIAP
Q9DBT9,100,HAAGLTTYFHPGINLKKIHYDSIKLYERLEEET
Q9DBT9,107,YFHPGINLKKIHYDSIKLYERLEEETGQVVGFH
Q9DBT9,141,PGSIRLATTPVRVDEFKYQMTRTNWHATEQYII
Q9DBT9,216,RKYGALLKYPAPVTSLKPRPDGTWDVETPQGSV
Q9DBT9,469,EERFAGRPTQRVSGLYKTLKSKCSMGFHAGWEQ
Q9DBT9,788,TDDVDPEGNESIWYKGKVVGNTTSGSYSYSIQK
Q9DBT9,861,PARARLQKDGKKTNLEKGPSRTTKLXXXXXXXX
P36552,393,RRGRYVEFNLLYDRGTKFGLFTPGSRIESILMS
Q9D1I5,152,VMDLKKKKIRSLSDEAKIGAHGKPVIFLHPKDC
Q99JY0,189,PIRHSRNMRKMMLDLNKAKTLGQRLSLLSKFRL
Q99JY0,191,RHSRNMRKMMLDLNKAKTLGQRLSLLSKFRLNF
Q99JY0,273,QDEGHLSDIVPFKVPGKDTVTKDNGIRPSSLEQ
Q99JY0,278,LSDIVPFKVPGKDTVTKDNGIRPSSLEQMAKLK
Q99JY0,333,SAMLIMSEDRALAMGYKPKAYLRDFIYVSQDPK
Q99JY0,362,QDPKDQLLLGPTYATPKVLEKAGLTMNDIDAFE
Q99JY0,73,VVEGVRIPFLLSGTSYKDLMPHDLARAALSGLL
Q9D0S9,128,GHLLLVAKKIAQAQGLKDGYRLVVNDGKMGAQS
Q9D0S9,45,RGNAGVSDGSEVAKAQKAAPGGASPTIFSRILD
P63038,191,SANGDKDIGNIISDAMKKVGRKGVITVKDGKTL
P63038,202,ISDAMKKVGRKGVITVKDGKTLNDELEIIEGMK
P63038,250,GQKCEFQDAYVLLSEKKISSVQSIVPALEIANA
P63038,301,TLVLNRLKVGLQVVAVKAPGFGDNRKNQLKDMA
P63038,352,DVQAHDLGKVGEVIVTKDDAMLLKGKGDKAHIE
P63038,359,GKVGEVIVTKDDAMLLKGKGDKAHIEKRIQEIT
P63038,72,GPKGRTVIIEQSWGSPKVTKDGVTVAKSIDLKD
Q8QZT1,171,NVPYVMSRGATPYGGVKLEDLIVKDGLTDVYNK
Q8QZT1,178,RGATPYGGVKLEDLIVKDGLTDVYNKIHMGNCA
Q8QZT1,187,KLEDLIVKDGLTDVYNKIHMGNCAENTAKKMNI
Q8QZT1,199,DVYNKIHMGNCAENTAKKMNISRQEQDTYALSS
Q8QZT1,220,SRQEQDTYALSSYTRSKEAWDAGKFASEITPIT
Q8QZT1,240,DAGKFASEITPITISVKGKPDVVVKEDEEYKRV
Q8QZT1,260,DVVVKEDEEYKRVDFSKVPKLKTVFQKENGTIT
Q8QZT1,304,AALVLMTAEAAQRLNVKPLARIAAFADAAVDPI
Q8QZT1,335,PIDFPLAPAYAVPKVLKYAGLKKEDIAMWEVNE
Q8QZT1,75,QPATKLGTAAIQGAIEKAGIPKEEVKEVYMGNV
Q8QZT1,80,LGTAAIQGAIEKAGIPKEEVKEVYMGNVIQGGE
Q99LB7,38,NLGLQPLATEARPTTEKSVPYQRTLKEEAQGAS
Q99LB7,885,GYIRDPSGGPVSLDFVKNGEYALERMGVTYAAQ
Q99LB7,913,TYAAQVHLKSPFDPDNKRVKGIYXXXXXXXXXX
Q9D172,149,GGFGAAKNLSTFAVDGKDCKVNKEVERVLKEFH
Q9D172,186,PIGLCCIAPVLAAKVIKGVEVTVGHEQEEGGKW
Q9D172,201,IKGVEVTVGHEQEEGGKWPYAGTAEAIKALGAK
Q9D172,217,KWPYAGTAEAIKALGAKHCVKGVTEAHVDQKNK
Q9D172,221,AGTAEAIKALGAKHCVKGVTEAHVDQKNKVVTT
Q9D172,231,GAKHCVKGVTEAHVDQKNKVVTTPAFMCETALH
Q8K2B3,179,TEDGKIYQRAFGGQSLKFGKGGQAHRCCCVADR
Q8K2B3,182,GKIYQRAFGGQSLKFGKGGQAHRCCCVADRTGH
Q8K2B3,250,VIALCIEDGSIHRIRAKNTVIATGGYGRTYFSC
Q8K2B3,335,INSQGERFMERYAPVAKDLASRDVVSRSMTLEI
Q8K2B3,480,GRACALSIAESCRPGDKVPSIKANAGEESVMNL
Q8K2B3,485,LSIAESCRPGDKVPSIKANAGEESVMNLDKLRF
Q8K2B3,498,PSIKANAGEESVMNLDKLRFADGSIRTSELRLN
Q8K2B3,547,VLQEGCEKISQLYGDLKHLKTFDRGMVWNTDLV
Q8K2B3,550,EGCEKISQLYGDLKHLKTFDRGMVWNTDLVETL
Q8K2B3,608,HAREDYKVRVDEYDYSKPIQGQQKKPFGEHWRK
Q8K2B3,615,VRVDEYDYSKPIQGQQKKPFGEHWRKHTLSYVD
Q8K2B3,616,RVDEYDYSKPIQGQQKKPFGEHWRKHTLSYVDI
Q8K2B3,636,EHWRKHTLSYVDIKTGKVTLEYRPVIDKTLNEA
Q99LP6,94,YKRALADTENLRQRSQKLVEEAKLYGIQGFCKD
Q9D819,228,NKDFAVDIIKSTHDYWKALVTKKTDGKGISCMN
Q8BWF0,172,SEEARRIYGDIIYTSAKDKRGLVLKQPVGVAAI
Q8BWF0,253,IPAGVYNVIPCSRNKAKEVGEVLCTDPLVSKIS
Q8BWF0,382,TTQGPLINEKAVEKVEKQVNDAVAKGATVVTGG
Q9QXF8,191,HRNYDYILSTGCAPPGKNIYYKSDLTKDITTSV
Q9QXF8,196,YILSTGCAPPGKNIYYKSDLTKDITTSVLTVNN
Q9QXF8,201,GCAPPGKNIYYKSDLTKDITTSVLTVNNKAHMV
Q9CZU6,321,NQEVLVWLTQLQKEVGKDVSDEKLRDYIWNTLN
Q9CZU6,327,WLTQLQKEVGKDVSDEKLRDYIWNTLNSGRVVP
Q9CZU6,43,SASSTNLKDVLSNLIPKEQARIKTFKQQHGKTV
Q9CZU6,450,AQLIWSRALGFPLERPKSMSTDGLMKFVDSKXX
Q9CZU6,52,VLSNLIPKEQARIKTFKQQHGKTVVGQITVDMM
Q99KI0,138,STIHCDHLIEAQVGGEKDLRRAKDINQEVYNFL
Q99KI0,50,MSHFEPSEYIRYDLLEKNINIVRKRLNRPLTLS
Q99KI0,517,IAGTLKFNPETDFLTGKDGKKFKLEAPDADELP
Q99KI0,523,FNPETDFLTGKDGKKFKLEAPDADELPRSDFDP
Q99KI0,549,PRSDFDPGQDTYQHPPKDSSGQRVDVSPTSQRL
Q99KI0,591,DGKDLEDLQILIKVKGKCTTDHISAAGPWLKFR
P54869,118,INSLCLTVVQRLMERTKLPWDAVGRLEVGTETI
P54869,310,DVQYMIFHTPFCKMVQKSLARLMFNDFLSSSSD
P54869,327,SLARLMFNDFLSSSSDKQNNLYKGLEAFRGLKL
P54869,333,FNDFLSSSSDKQNNLYKGLEAFRGLKLEETYTN
P54869,350,GLEAFRGLKLEETYTNKDVDKALLKASLDMFNQ
P54869,354,FRGLKLEETYTNKDVDKALLKASLDMFNQKTKA
P54869,358,KLEETYTNKDVDKALLKASLDMFNQKTKASLYL
P54869,447,PGSPLEKLVSSVSDLPKRLDSRRRMSPEEFTEI
P54869,83,YVDQTDLEKFNNVEAGKYTVGLGQTRMGFCSVQ
Q99MZ7,32,LKNQVAVVTGGGTGIGKAVSRELLHLGCNVVIA
Q99MZ7,83,PPSSSAEVSAIQCNIRKEEEVSNLVKSTLAKYG
Q99MZ7,92,AIQCNIRKEEEVSNLVKSTLAKYGKINFLVNNG
Q99MZ7,97,IRKEEEVSNLVKSTLAKYGKINFLVNNGGGQFM
Q8BH95,101,IVLTGGDKAFAAGADIKEMQNRTFQDCYSSKFL
Q8BH95,204,AMEMVLTGDRISAQDAKQAGLVSKIFPVEKLVE
Q8BH95,282,TFATDDRREGMTAFVEKRKANFKDHXXXXXXXX
Q9R0P3,200,GKKAFSGYLGPDESKWKAYDATCLVKAYSGSQI
Q9DCS3,248,GADYVLTEEELRMPETKTIFKDLPLPRLALNCV
Q9DCS3,252,VLTEEELRMPETKTIFKDLPLPRLALNCVGGKS
Q9DCS3,267,FKDLPLPRLALNCVGGKSSTELLRHLAPGGTMV
Q9DCS3,317,IFKDLKLRGFWLSQWKKNHSPDEFKELILTLCN
Q9JHI5,76,ENLAPKAQEIDQTNDFKNLREFWKQLGSLGVLG
Q91ZA3,184,QAMGDKIESKLLAKRAKVNTIPGFDGVVKDADE
Q91ZA3,492,HNIPLLREVIINTRFVKGDISTKFLSDVYPDGF
Q8BFR5,88,TLTAAITKILAEGGGAKFKKYEEIDNAPEERAR
Q8BFR5,91,AAITKILAEGGGAKFKKYEEIDNAPEERARGIT
Q99J39,385,PVHESLKGFLSSGEWVKSEKLTQALQGPLMRLC
Q9CQ62,106,SRNIDVLKATAEEISSKTGNKVHAIRCDVRDPD
Q9CQ62,244,WGRYGMRFNIIQPGPIKTKGAFSRLDPTGRFEK
Q9CQ62,246,RYGMRFNIIQPGPIKTKGAFSRLDPTGRFEKEM
Q9CQ62,260,KTKGAFSRLDPTGRFEKEMIDRIPCGRLGTMEE
Q9CQ62,97,TLGAQCVIASRNIDVLKATAEEISSKTGNKVHA
Q9D6R2,100,AKESMDKNKMGLKGPLKTPIAAGHPSMNLLLRK
Q9DCN1,263,CYFLHPPMPALLQLKEKEAGVVAQARSVLAWHS
Q8C196,1074,GQIPNNLAVPLYKNGVKIMGTSPLQIDRAEDRS
Q8C196,1168,LEEATRVSQEHPVVLTKFVEGAREVEMDAVGKE
Q8C196,1183,TKFVEGAREVEMDAVGKEGRVISHAISEHVEDA
Q8C196,119,NGGAPDTTARDELGLNKYMESDGIKVAGLLVLN
Q8C196,1291,FIDVATKVMIGESIDEKRLPTLEQPIIPSDYVA
Q8C196,1356,EGIHTAFLKAMLSTGFKIPQKGILIGIQQSFRP
Q8C196,1360,TAFLKAMLSTGFKIPQKGILIGIQQSFRPRFLG
Q8C196,1479,LLTNFQVTKLFAEAVQKSRTVDSKSLFHYRQYS
Q8C196,1486,TKLFAEAVQKSRTVDSKSLFHYRQYSAGKAAXX
Q8C196,207,DFVDPNKQNLIAEVSTKDVKVFGKGNPTKVVAV
Q8C196,210,DPNKQNLIAEVSTKDVKVFGKGNPTKVVAVDCG
Q8C196,214,QNLIAEVSTKDVKVFGKGNPTKVVAVDCGIKNN
Q8C196,219,EVSTKDVKVFGKGNPTKVVAVDCGIKNNVIRLL
Q8C196,287,AQPLIQNVKKILESDRKEPLFGISTGNIITGLA
Q8C196,307,FGISTGNIITGLAAGAKSYKMSMANRGQNQPVL
Q8C196,402,DTEYLFDSFFSLIKKGKGTTITSVLPKPALVAS
Q8C196,412,SLIKKGKGTTITSVLPKPALVASRVEVSKVLIL
Q8C196,44,QWDFSRPGIRLLSVKAKTAHIVLEDGTKMKGYS
Q8C196,527,QTALNCGVELFKRGVLKEYGVKVLGTSVESIMA
Q8C196,55,LSVKAKTAHIVLEDGTKMKGYSFGHPSSVAGEV
Q8C196,553,SVESIMATEDRQLFSDKLNEINEKIAPSFAVES
Q8C196,603,RSAYALGGLGSGICPNKETLIDLGTKAFAMTNQ
Q8C196,793,DLDRFHGTSSRIGSSMKSVGEVMAIGRTFEESF
Q8C196,831,MCHPSVDGFTPRLPMNKEWPANLDLKKELSEPS
Q8C196,840,TPRLPMNKEWPANLDLKKELSEPSSTRIYAIAK
Q8C196,841,PRLPMNKEWPANLDLKKELSEPSSTRIYAIAKA
Q8C196,875,ENNMSLDEIVRLTSIDKWFLYKMRDILNMDKTL
Q8C196,889,IDKWFLYKMRDILNMDKTLKGLNSDSVTEETLR
Q8C196,892,WFLYKMRDILNMDKTLKGLNSDSVTEETLRKAK
Q8C196,915,VTEETLRKAKEIGFSDKQISKCLGLTEAQTREL
Q8C196,919,TLRKAKEIGFSDKQISKCLGLTEAQTRELRLKK
Q8C196,935,KCLGLTEAQTRELRLKKNIHPWVKQIDTLAAEY
Q8R3F5,312,HSNVSGQKYTHPQHIRKLLGQQVVSPVKWEQTM
Q9JLJ2,298,LTQGQVCCNGTRVFVQKEIADKFINEVVKQTQK
Q9JLJ2,30,YRGGARVEPVDASGTEKAFEPATGRVIATFACS
Q9JLJ2,310,VFVQKEIADKFINEVVKQTQKIKLGDPLLEDTR
Q925I1,423,LFVDEADAFLRKRATEKISEDLRATLNAFLHRT
Q9D3D9,136,VTLDMLDLGAARANLEKAQSELSGAADEAARAE
O53773,218,RLVHDGLTAQQAARHAKGWNHFLDRLVVAGQRG
Q8BMS1,166,LELAIACQYRIATKDRKTVLGVPEVLLGILPGA
Q8BMS1,214,FDMMLTGRNIRADRAKKMGLVDQLVEPLGPGIK
Q8BMS1,292,PFVRQQVYKTVEEKVKKQTKGLYPAPLKIIDAV
Q8BMS1,295,RQQVYKTVEEKVKKQTKGLYPAPLKIIDAVKAG
Q8BMS1,303,EEKVKKQTKGLYPAPLKIIDAVKAGLEQGSDAG
Q8BMS1,334,AGYLAESQKFGELALTKESKALMGLYNGQVLCK
Q8BMS1,350,KESKALMGLYNGQVLCKKNKFGAPQKNVQQLAI
Q8BMS1,406,KDTTVTGLGRGQQQVFKGLNDKVKKKALTSFER
Q8BMS1,415,RGQQQVFKGLNDKVKKKALTSFERDSIFSNLIG
Q8BMS1,519,VDKMQLLEIITTDKTSKDTTASAVAVGLRQGKV
Q8BMS1,569,PMMSEVMRILQEGVDPKKLDALTTGFGFPVGAA
Q8BMS1,60,GVKGDVAVIRINSPNSKVNTLNKEVQSEFIEVM
Q8BMS1,644,LGRKSGKGFYIYQEGSKNKSLNSEMDNILANLR
Q8BMS1,664,LNSEMDNILANLRLPAKPEVSSDEDVQYRVITR
Q8BMS1,728,PCLGGPFRFVDLYGAQKVVDRLRKYESAYGTQF
Q8K4F5,196,EIPEKVPHSQARKLADKQLSSVVKEAGIRQFLL
Q8K4F5,203,HSQARKLADKQLSSVVKEAGIRQFLLTNLVEVG
Q8K4F5,79,FLHGLFGSKTNFNSLAKAMVQRTGRRVLTVDAR
Q8K4Z3,142,KLFGYQPTIYYPKRPNKPLFTGLVTQCQKMDIP
Q8QZS1,100,IIKGAGGKAFCAGGDIKALSEAKKARQNLTQDL
Q8QZS1,220,RDVHRAGIATHFVDSEKLRVLEEELLALKSPSA
Q8QZS1,296,IENLRQDGSPFAIEQMKVINKMSPTSLKITLRQ
Q8QZS1,300,RQDGSPFAIEQMKVINKMSPTSLKITLRQLMEG
Q8QZS1,352,MEGHDFHEGVRAVLIDKDQTPKWKPANLKDVTD
Q8QZS1,91,EQDPDTFLIIIKGAGGKAFCAGGDIKALSEAKK
Q91XE0,141,QIKHSENILYVSSETIKKLFPSLLDTKNLSTGS
Q91XE0,142,IKHSENILYVSSETIKKLFPSLLDTKNLSTGSG
Q91XE0,151,VSSETIKKLFPSLLDTKNLSTGSGKPKAIDQDK
Q91XE0,159,LFPSLLDTKNLSTGSGKPKAIDQDKFKLSSLDV
Q91XE0,161,PSLLDTKNLSTGSGKPKAIDQDKFKLSSLDVVH
Q91XE0,167,KNLSTGSGKPKAIDQDKFKLSSLDVVHAALVNK
Q9CZN7,103,ALGSCLNNKYSEGYPGKRYYGGAEVVDEIELLC
Q9CZN7,302,RSGLIFYRKGVRTVDPKTGKEIPYTFEDRINFA
Q9CZN7,305,LIFYRKGVRTVDPKTGKEIPYTFEDRINFAVFP
Q9CZN7,367,SLQVLRNAQAMADALLKRGYSLVSGGTDTHLVL
Q9CZN7,474,VKRKTAKLQDFKSFLLKDPETSQRLANLRQQVE
Q9DCY0,124,SDLGKVIESLGATNLGKVKHKQCFLYMVCQTAK
Q9DCY0,128,KVIESLGATNLGKVKHKQCFLYMVCQTAKKLAP
Q9DCY0,140,KVKHKQCFLYMVCQTAKKLAPSLMDAKNLVVSR
Q9DCY0,141,VKHKQCFLYMVCQTAKKLAPSLMDAKNLVVSRN
Q9DCY0,19,CLQSSQALQVLENSLRKHLPESLKVYGTVFHIN
Q9DCY0,235,TLMDHTGELRMGGTLPKYRRQSLIYHVASQQIQ
Q9DCY0,83,DLDHYNNTYLVYSKDPKHCQEFLGSSEVINWKQ
Q9EQ20,113,SILSRQQVLLRYQQLIKENLKEIARLITLEQGK
Q9EQ20,117,RQQVLLRYQQLIKENLKEIARLITLEQGKTLAD
Q9EQ20,331,QRCMALSTAILVGEAKKWLPELVDRAKNLRVNA
Q9EQ20,364,GDQPGADLGPLITPQAKERVCNLIDSGTKEGAS
Q9EQ20,47,SFSSSSVPTVKLFIDGKFVESKSDKWIDIHNPA
Q9EQ20,52,SVPTVKLFIDGKFVESKSDKWIDIHNPATNEVV
Q9EQ20,55,TVKLFIDGKFVESKSDKWIDIHNPATNEVVGRV
Q9EQ20,76,HNPATNEVVGRVPQSTKAEMDAAVESCKRAFPA
Q9EQ20,87,VPQSTKAEMDAAVESCKRAFPAWADTSILSRQQ
Q9JHW2,68,TYFPDYAEKIPGESTQKLSEVAKESSIYLIGGS
Q71RI9,117,GFGHPALVKALSCLYGKIYQRQIDPNEEILVAV
Q78JN3,62,APSQGKRGADEKARESKDILVTSEDGITKITFN
Q80X68,76,VGQITVDMMYGGMRGMKGLVYETSVLDPDEGIR
Q8BGA8,151,MRTGVVMIPGVSQLTAKDLKYRLQAARAKSIVT
Q8BGA8,302,SNGACIFVHELPRVDAKTILNTLCRFPITTLCC
Q8BGA8,540,ASHDPEALTRELQEHVKTVTAPYKYPRKVAFIS
Q8BGA8,565,PRKVAFISELPKTVSGKILRSKLRNQEWGRXXX
Q8BGA8,96,VNGSGTEVKWTFEELGKQSRKAANVLEGVCGLQ
Q8BIJ6,775,MLHLIQDFATKITDSYKQYDFGKVVRLLKAFYT
Q8CEI1,76,GGCGAMYEIKIESEEFKEKRTVQQHQMVNQALK
Q8K370,1056,DGPDEVHQLTVAKMELKNQSRMQEPAVPRVXXX
Q8K370,843,TSGILDPRCKLCVFMGKTDPQAPRHQQQSMLLV
Q8R123,283,AGEAVYKLAESGSCLGKKVAGALQTIETALAQY
Q8VCW8,182,VLRKVGCKGIVFPKQFKTQQYYDILKQVCPELE
Q8VCW8,199,TQQYYDILKQVCPELEKAQPGALKSERLPDLTT
Q8VCW8,206,LKQVCPELEKAQPGALKSERLPDLTTVISVDAP
Q8VCW8,340,MHGATLLLSSPSFNGKKALEAISREKGTLLYGT
Q8VCW8,570,ACIRLKSGETTTAEEIKAFCKGKISHFKIPRYI
Q91VA0,142,GCMRTGIIFMPGTTQLKAKDILYRIQISRAKAI
Q91VA0,144,MRTGIIFMPGTTQLKAKDILYRIQISRAKAIVT
Q91VA0,324,TQCLAAPGVYRMVLQQKTSNLRFPTLEHCTTGG
Q91VA0,352,CTTGGESLLPEEYEQWKQRTGLSIHEVYGQSET
Q91VA0,501,AEHPAVAESAVVSSPDKDRGEVVKAFIVLNPEF
Q91VA0,534,LSHDQEQLIKELQHHVKSVTAPYKYPRKVEFVS
Q91VA0,545,LQHHVKSVTAPYKYPRKVEFVSELPKTVTGKIK
Q9CZS1,381,DKEQFERILGYIRLGQKEGAKLLCGGERLGERG
Q9CZS1,385,FERILGYIRLGQKEGAKLLCGGERLGERGFFIK
Q9CZS1,431,AKEEIFGPVQPLFKFKKIEEVIQRANNTRYGLA
Q9DB29,63,CDVLNRGFSGYNTRWAKIILPRLIRKGPGMENP
Q8BK48,540,PSVGRALKARRLQFWTKTLPQKIQELKGSQERH
Q8QZR3,296,EATDSEALIHCLRAKSKQEILAINQVFKMIPAV
Q8QZR3,372,DHIIKNITRETLPAVLKNTAARMMLPPECSHLL
Q9Z2I8,67,SEHGVRVQRFFVANTAKEALEAAKRLNAKEIVL
Q9Z2I8,74,QRFFVANTAKEALEAAKRLNAKEIVLKAQILAG
P11679,123,KFASFIDKVRFLEQQNKMLETKWSLLQQQKTSR
P11679,136,QQNKMLETKWSLLQQQKTSRSNMDNMFESYINN
P11679,204,EINKRTEMENEFVLIKKDVDEAYMNKVELESRL
P11679,301,ETMYQIKYEELQTLAGKHGDDLRRTKTEISEMN
P11679,353,LEAAIADAEQRGEMAIKDAQTKLAELEAALQRA
P11679,399,LMNVKLALDIEITTYRKLLEGEESRLESGMQNM
P14152,110,EGMERKDLLKANVKIFKSQGTALEKYAKKSVKV
Q9DCW4,110,AQAESLGPLQVARVLAKLAEKEKVDLLFLGKQA
Q9DCW4,176,VKVEREIDGGLETLRLKLPAVVTADLRLNEPRY
Q9DCW4,248,QRSAGVKVETTEDLVAKLKEVGRIXXXXXXXXX
Q9DCW4,59,EIAVEEAVRLKEKKLVKEIIAVSCGPSQCQETI
P51660,50,ALVIVNDLGGDFKGIGKGSSAADKVVAEIRRKG
P51660,57,LGGDFKGIGKGSSAADKVVAEIRRKGGKAVANY
P51660,68,SSAADKVVAEIRRKGGKAVANYDSVEAGEKLVK
P51660,81,KGGKAVANYDSVEAGEKLVKTALDTFGRIDVVV
O08749,122,FASRGIEIPEVRLNLEKMMEQKHSAVKALTGGI
O08749,132,VRLNLEKMMEQKHSAVKALTGGIAHLFKQNKVV
O08749,143,KHSAVKALTGGIAHLFKQNKVVHVNGFGKITGK
O08749,159,KQNKVVHVNGFGKITGKNQVTATKADGSTQVID
O08749,166,VNGFGKITGKNQVTATKADGSTQVIDTKNILVA
O08749,277,FQRILQRQGFKFKLNTKVTGATKKSDGKIDVSV
O08749,410,YTHPEVAWVGKSEEQLKEEGIEFKIGKFPFAAN
O08749,430,IEFKIGKFPFAANSRAKTNADTDGMVKILGHKS
O08749,66,GPGGYVAAIKSAQLGFKTVCIEKNETLGGTCLN
Q3TC72,128,GLNYADHCQEQNVRVPKSPIIFSKFSSSIVGPY
Q3TC72,233,GPALVTKDTIADPHNLKICCRVNGEVVQSSNTN
Q3UEG6,261,VQTVRDCSCAPDCCQAKERYIEQFKDTLNTSVA
Q3UEG6,70,PEKYQSLAYSRVLAIHKQHLSPVDTAYFRKPLL
Q3UEG6,83,AIHKQHLSPVDTAYFRKPLLLHQGHMEWLFDSE
Q3UUI3,197,LSVVVVNSQLQKIEGRKLFVSCTIQSIDEKTLY
Q3UUI3,46,EKVIRKDYALPNPSWTKDLRLLFDQFMKKCEDG
Q3UUI3,65,RLLFDQFMKKCEDGSWKRMPSHRQNPTRAIQEF
Q3UUI3,98,QTLFVDSKFKKEEQMSKAQQFTRSFEEGLGFEY
Q3ULD5,70,SQLHERAQYVRLGGSEKARARHTSRGKLLPRDR
Q9CPY7,45,TADMTKGLVLGIYAKDKDDDLPQFTSAGESFNK
Q9CPY7,79,VSGKLREMLNISGPPLKAGKTRTFYGLHQDFPS
Q8R4N0,307,WAEELIAAFKEHQQLGKGAFTFRGSMIDMPLLK
Q8R4N0,55,KYVPRRAVLYVPGNDEKKIRKIPSLKVDCAVLD
Q8R4N0,80,KVDCAVLDCEDGVAENKKNEARLRIAKTLEDFD
Q8R4N0,90,DGVAENKKNEARLRIAKTLEDFDLGTTEKCVRI
Q99LC5,158,DTFVRTIYAGNALCTVKCDEKVKVFSVRGTSFE
Q99LC5,226,PELTGAKVVVSGGRGLKSGENFKLLYDLADQLH
Q99LC5,294,VGISGAIQHLAGMKDSKTIVAINKDPEAPIFQV
Q99LC5,59,AAGRLGGEVSCLVAGTKCDKVVQDLCKVAGVAK
Q99LC5,62,RLGGEVSCLVAGTKCDKVVQDLCKVAGVAKVLV
Q99LC5,69,CLVAGTKCDKVVQDLCKVAGVAKVLVAQHDAYK
Q99LC5,75,KCDKVVQDLCKVAGVAKVLVAQHDAYKGLLPEE
P08249,157,ANPVNSTIPITAEVFKKHGVYNPNKIFGVTTLD
P08249,185,VTTLDIVRANTFVAELKGLDPARVNVPVIGGHA
P08249,239,LATLTGRIQEAGTEVVKAKAGAGSATLSMAYAG
P08249,241,TLTGRIQEAGTEVVKAKAGAGSATLSMAYAGAR
P08249,296,SKETECTYFSTPLLLGKKGLEKNLGIGKITPFE
P08249,301,CTYFSTPLLLGKKGLEKNLGIGKITPFEEKMIA
P08249,307,PLLLGKKGLEKNLGIGKITPFEEKMIAEAIPEL
P08249,314,GLEKNLGIGKITPFEEKMIAEAIPELKASIKKG
P08249,324,ITPFEEKMIAEAIPELKASIKKGEDFVKNMKXX
P08249,329,EKMIAEAIPELKASIKKGEDFVKNMKXXXXXXX
P08249,335,AIPELKASIKKGEDFVKNMKXXXXXXXXXXXXX
P08249,338,ELKASIKKGEDFVKNMKXXXXXXXXXXXXXXXX
P08249,78,PGVAADLSHIETRANVKGYLGPEQLPDCLKGCD
Q60597,970,AWCQEEHKNQGYYDYVKPRLRTTIDRAKPVWYA
Q60597,999,VWYAGRDPAAAPATGNKKTHLTELQRFLDTAFD
P54071,180,WTKPITIGRHAHGDQYKATDFVVDRAGTFKLVF
P54071,400,KLDGNQDLIRFAQTLEKVCVQTVESGAMTKDLA
Q8C5H8,314,ASYYEISVDDGPWEKQKSSGLNLCTGTGSKAWS
Q8C5H8,407,IANRVFSSSRQRCFSSKVCVRSRCWDACMVVDG
Q8C5H8,64,SPADGGFRPSRVVVVAKTTRYEFEQQRYRYAEL
Q3UNX5,541,KSHDQEQLKKEIQEHVKKTTAPYKYPRKVEFIE
A2ATU0,801,PGTAFKPVIGDSSVDPKNVKTLIFCSGKHFYAL
A2ATU0,804,AFKPVIGDSSVDPKNVKTLIFCSGKHFYALLKQ
A2ATU0,819,VKTLIFCSGKHFYALLKQRESLGTKKHDFAIIR
A2ATU0,828,KHFYALLKQRESLGTKKHDFAIIRLEELCPFPL
Q3TLP5,101,LFRSAVKGVFCAGADLKEREQMSDVEVGTFVQR
Q9WUM5,57,GSYTASRKHIYIDKNTKIICQGFTGKQGTFHSQ
Q9WUM5,66,IYIDKNTKIICQGFTGKQGTFHSQQALEYGTKL
Q9WTP6,62,TGDMLRAMVASGSELGKKLKATMDAGKLVSDEM
Q5RKZ7,499,THVDSAGRASMVDVGGKPETERVAVASAMVLLG
Q9CZL5,124,ITLTSHDCGGLTKRDVKLAQFIEKAAASLXXXX
Q9WUR2,159,TSEDGITKITFNRPTKKNAISFQMYRDIILALK
Q9WUR2,53,SQQDFENALNQVKLLKKDPGNEVKLRLYALYKQ
Q9WUR2,60,ALNQVKLLKKDPGNEVKLRLYALYKQATEGPCN
Q9WUR2,90,PCNMPKPGMLDFVNKAKWDAWNALGSLPKETAR
Q9DBF1,390,TKQAVSMFVRAVEEAKKQGGTVVYGGKVMDHPG
Q9DBF1,86,CPANNEPIARVRQASLKDYEETIGKAKKAWNIW
Q9DBF1,94,ARVRQASLKDYEETIGKAKKAWNIWADIPAPKR
Q9DBF1,97,RQASLKDYEETIGKAKKAWNIWADIPAPKRGEI
P05201,290,VGKESDSVLRVLSQMEKIVRITWSNPPAQGARI
Q07417,306,AVKYAENRNAFGAPLTKLQNIQFKLADMALALE
Q07417,335,LALESARLLTWRAAMLKDNKKPFTKESAMAKLA
Q07417,338,ESARLLTWRAAMLKDNKKPFTKESAMAKLAASE
Q80XN0,103,LMKDKGDAGVKELDSLKSDRLRTIQLNVCNSEE
Q80XN0,97,LVFAGCLMKDKGDAGVKELDSLKSDRLRTIQLN
P52825,239,STRIPKPSRDELFTDTKARHLLVLRKGHFYVFD
P52825,424,SSVSVQKLSFKLSSALKAGVTAAKEKFDATMKT
P52825,544,LQHMMAECSKYHGQLTKEAAMGQGFDRHLFALR
P52825,69,PIPKLEDTMKRYLSAQKPLLNDSQFRKTEVLCK
Q8CHT0,113,DKALLNRAIDAALAARKEWDLKPMADRAQVFLK
Q8CHT0,118,NRAIDAALAARKEWDLKPMADRAQVFLKAADML
Q8CHT0,129,KEWDLKPMADRAQVFLKAADMLSGPRRAEVLAK
Q8CHT0,357,EYGGQKCSACSRLYVPKSLWPQIKGRLLEEHSR
Q8CHT0,364,SACSRLYVPKSLWPQIKGRLLEEHSRIKVGDPA
Q8CHT0,508,ATRMLRNAAGNFYINDKSTGSVVGQQPFGGARA
Q8CHT0,51,PILAFSQGSPERDALQKALKDLKGQMEAIPCVV
Q8CHT0,92,DIQYQLSPFNHAHKVAKFCYADKALLNRAIDAA
Q8CHT0,98,SPFNHAHKVAKFCYADKALLNRAIDAALAARKE
P24270,243,GEAVYCKFHYKTDQGIKNLPVGEAGRLAQEDPD
P24270,430,QQRSALEHSVQCAVDVKRFNSANEDNVTQVRTF
P24270,449,NSANEDNVTQVRTFYTKVLNEEERKRLCENIAG
P24270,476,CENIAGHLKDAQLFIQKKAVKNFTDVHPDYGAR
P24270,499,TDVHPDYGARIQALLDKYNAEKPKNAIHTYTQA
Q9DBM2,189,SDPVEEAIKFAQTVIGKPIEPRRILNKPVPSLP
Q9DBM2,329,SFARVGIPVVAVESDPKQLDTAKKIITSTLEKE
Q9DBM2,344,PKQLDTAKKIITSTLEKEASKSGQASAKPNLRF
Q9DBM2,355,TSTLEKEASKSGQASAKPNLRFSSSTKELSSVD
Q9DBM2,527,MGPFRVSDLAGLDVGWKVRKGQGLTGPSLPPGT
Q9DBM2,530,FRVSDLAGLDVGWKVRKGQGLTGPSLPPGTPTR
Q9DBM2,579,AGRFGQKTGKGWYQYDKPLGRIHKPDPWLSEFL
Q9DBM2,705,PSDYLRRLVAQGSPPLKEWQSLAGPHSSKLXXX
Q9DBM2,717,SPPLKEWQSLAGPHSSKLXXXXXXXXXXXXXXX
Q9R0H0,542,ASEAHCHYVTVKVFADKLPKIQDRAVQAVLRNL
Q9R0H0,545,AHCHYVTVKVFADKLPKIQDRAVQAVLRNLCLL
Q9R0H0,65,EDYNFLTRSQRYEVAVKKSATMVKKMREFGIAD
Q9R0H0,655,SPLNKTEVHESYYKHLKPLQSKLXXXXXXXXXX
P38060,137,AKEVSVFGAVSELFTRKNANCSIEESFQRFAGV
P38060,324,QALNRKTSSKVAQATCKLXXXXXXXXXXXXXXX
P38060,48,QVKIVEVGPRDGLQNEKSIVPTPVKIRLIDMLS
Q99MN9,101,DMFVEHRCADFGMAADKNKFPGDSVVTGRGRIN
Q99MN9,103,FVEHRCADFGMAADKNKFPGDSVVTGRGRINGR
Q8BWT1,13,XXXXMALLRGVFIVAAKRTPFGAYGGLLKDFSA
Q8BWT1,137,SMSQSPYCVRNVRFGTKFGLDLKLEDTLWAGLT
Q8BWT1,171,QHVKLPMGMTAENLAAKYNISREDCDRYALQSQ
Q8BWT1,191,SREDCDRYALQSQQRWKAANEAGYFNEEMAPIE
Q8BWT1,209,ANEAGYFNEEMAPIEVKTKKGKQTMQVDEHARP
Q8BWT1,212,AGYFNEEMAPIEVKTKKGKQTMQVDEHARPQTT
Q8BWT1,214,YFNEEMAPIEVKTKKGKQTMQVDEHARPQTTLE
Q8BWT1,234,QVDEHARPQTTLEQLQKLPSVFKKDGTVTAGNA
Q8BWT1,240,RPQTTLEQLQKLPSVFKKDGTVTAGNASGVSDG
Q8BWT1,241,PQTTLEQLQKLPSVFKKDGTVTAGNASGVSDGA
Q8BWT1,270,SDGAGAVIIASEDAVKKHNFTPLARVVGYFVSG
P42125,222,KVGVVDEVVPEDQVHSKARSVMTKWLAIPDHSR
P42125,229,VVPEDQVHSKARSVMTKWLAIPDHSRQLTKNMM
P42125,247,LAIPDHSRQLTKNMMRKATADNLIKQREADIQN
P42125,255,QLTKNMMRKATADNLIKQREADIQNFTSFISKD
P42125,270,IKQREADIQNFTSFISKDSIQKSLHMYLEKLKQ
P42125,275,ADIQNFTSFISKDSIQKSLHMYLEKLKQKKGXX
P42125,283,FISKDSIQKSLHMYLEKLKQKKGXXXXXXXXXX
P42125,76,ECLTEFTISLEKLENDKSIRGVILTSECPGIFS
Q8R0F8,116,YALCLDMTARDVQEECKKKGLPWTLAKSFTSSC
Q8R0F8,118,LCLDMTARDVQEECKKKGLPWTLAKSFTSSCPV
P38647,135,ATKRLIGRRYDDPEVQKDTKNVPFKIVRASNGD
P38647,138,RLIGRRYDDPEVQKDTKNVPFKIVRASNGDAWV
P38647,288,FLGGEDFDQALLRHIVKEFKRETGVDLTKDNMA
P38647,300,RHIVKEFKRETGVDLTKDNMALQRVREAAEKAK
P38647,360,MKLTRAQFEGIVTDLIKRTIAPCQKAMQDAEVS
P38647,368,EGIVTDLIKRTIAPCQKAMQDAEVSKSDIGEVI
P38647,567,GGLSKDDIENMVKNAEKYAEEDRRKKERVEAVN
P38647,600,MAEGIIHDTETKMEEFKDQLPADECNKLKEEIS
P10648,141,KDRTKNRYLPAFEKVLKSHGQDYLVGNRLTRVD
Q5FW57,19,HLRSSQMLQMLESSLRKYLPESLKVYGTVFHMN
Q5FW57,270,MDKRGYPVYNHTEQTNKVIQKMSHTLHHVPMPC
Q5FW57,43,VYGTVFHMNQGNPFKLKALVDKWPDFNTVVVRP
Q99LB2,106,HVGKAEDREKLITTALKRHQGIDILVSNAAVNP
Q99LB2,204,TALLGLTKNFAAELAPKNIRVNCLAPGLIKTRF
Q99LB2,217,LAPKNIRVNCLAPGLIKTRFSSVLWEEKAREDF
Q99LB2,228,APGLIKTRFSSVLWEEKAREDFIKEAMQIRRLG
P9WMK1,114,FVRTVSLPVGADEDDIKATYDKGILTVSVAVSE
P9WPR9,367,DPSIARAVATAEAIARKPVEGSLGTPPRLTQXX
P9WK15,3,XXXXXXXXXXXXXXMTKPTSAGQADDALVRLAR
P9WND5,277,DDLAWIKSQWPGKLVVKGIQTLDDARAVVDRGV
P9WIS7,361,THEVDMTKIVGLRARAKAAFAEREGVNLTFLPF
P9WIY3,148,NKLDYAQDRKVLCRFAKHPADTQTVLVVRHGTA
P9WI57,726,VVNVGDKLRVEIADIDKRGKISLILVADEDSTA
P9WHE3,91,IGVIKVVREIVSGLGLKEAKDLVDGAPKPLLEK
P9WGT3,209,ALDERIQQGALQFIPAKRVGTPAEVAGVVSFLA
P9WN51,278,GWRKDAFFGRAALLAEKAAGPRRLLRGLRMVGR
P9WH37,135,VAEQLSNRVAFRRAMRKAIQSAMRQPNVKGIRV
P9WPE5,100,EEYLILSARDVLAVVSKXXXXXXXXXXXXXXXX
P9WPE5,3,XXXXXXXXXXXXXXMAKVNIKPLEDKILVQANE
P9WPE5,37,ETTTASGLVIPDTAKEKPQEGTVVAVGPGRWDE
P9WPE5,7,XXXXXXXXXXMAKVNIKPLEDKILVQANEAETT
P9WPE9,270,GEALATLVVNAIRKTLKAVAVKGPYFGDRRKAF
P9WPE9,275,TLVVNAIRKTLKAVAVKGPYFGDRRKAFLEDLA
P9WPE9,362,HLRAEIDKSDSDWDREKLGERLAKLAGGVAVIK
P9WPE7,116,REGLRNVAAGANPLGLKRGIEKAVEKVTETLLK
P9WPE7,121,NVAAGANPLGLKRGIEKAVEKVTETLLKGAKEV
P9WPE7,125,GANPLGLKRGIEKAVEKVTETLLKGAKEVETKE
P9WPE7,132,KRGIEKAVEKVTETLLKGAKEVETKEQIAATAA
P9WPE7,229,LEDPYILLVSSKVSTVKDLLPLLEKVIGAGKPL
P9WPE7,270,GEALSTLVVNKIRGTFKSVAVKAPGFGDRRKAM
P9WPE7,275,TLVVNKIRGTFKSVAVKAPGFGDRRKAMLQDMA
P9WPE7,3,XXXXXXXXXXXXXXMAKTIAYDEEARRGLERGL
P9WPE7,33,RGLNALADAVKVTLGPKGRNVVLEKKWGAPTIT
P9WPE7,362,QIRQEIENSDSDYDREKLQERLAKLAGGVAVIK
P9WPE7,369,NSDSDYDREKLQERLAKLAGGVAVIKAGAATEV
P9WPE7,465,KQIAFNSGLEPGVVAEKVRNLPAGHGLNAQTGV
P9WGV3,60,PGLMSLRREYAEVQPLKGARISGSLHMTVQTAV
P9WP75,57,TLEENQKVEFEIGHSPKGPQATGVRSLXXXXXX
P9WGE7,46,SKHHATYVKGANDAVAKLEEARAKEDHSAILLN
P9WG35,90,SGATVLCVSKDLPFAQKRFCGAEGTENVMPASA
P9WNN1,178,AQEFDEDAPVVRVSALKALEGDAKWVASVEELM
P9WNN1,266,RPSTTKTTVTGVEMFRKLLDQGQAGDNVGLLLR
P9WMJ9,85,VKRHMGSDWSIEIDGKKYTAPEISARILMKLKR
P9WNP7,60,GRNRIVKSLERAVSAGKVTERERDRALGLLTFT
P9WM53,94,FADQPYWGRPVPGWGSKRPRLLILGLAPAAHGA
E9Q816,439,RGAFLPFSAGRRVCVGKSLARTELFLLFAGLLQ
P97807,112,LKRAAAEVNQEYGLDPKIASAIMKAADEVAEGK
P97807,119,VNQEYGLDPKIASAIMKAADEVAEGKLNDHFPL
P97807,170,ISNRAIEMLGGELGSKKPVHPNDHVNKSQSSND
P97807,220,LLPGLQKLHDALSAKSKEFAQVIKIGRTHTQDA
P97807,289,GTAVGTGLNTRIGFAEKVAAKVAALTGLPFVTA
P97807,58,ASQNSFRVEFDTFGELKVPTDKYYGAQTVRSTM
P97807,63,FRVEFDTFGELKVPTDKYYGAQTVRSTMNFKIG
P97807,77,TDKYYGAQTVRSTMNFKIGGATERMPIPVIQAF
I6YBZ8,113,LSVVTEVADIQDKGEGKNAIVVLRGRGCDPESG
