Q3UUI3,TRAIQEFQTLFVDSKFKKEEQMSKAQQFTRSFE,91
Q8K2B3,NLMLCALQTIYGAEARKESRGAHAREDYKVRVD,586
Q99K67,RREDVNAWERRAPLAPKHIKGITKLGYKVLIQP,45
Q8C196,NTGLGGYPEALTDPAYKGQILTMANPIIGNGGA,90
Q8BIJ6,VHFVPGWDCHGLPIETKVLSELGVDAQSLSAME,163
P00329,XXXXXXMSTAGKVIKCKAAVLWELHKPFTIEDI,11
Q99LB7,GKAYGIESHVLSPAETKSLYPLMNVDDLYGTLY,189
P45952,LGQMPVILAGNDQQKKKYLGRMTEQPMMCAYCV,144
Q64433,KVLLPEYGGTKVVLDDKDYFLFRDSDILGKYVD,86
Q8QZR3,NLDLTEEEELLKRMMMKYWANFARNGNPNSEGL,488
Q8CEI1,EEIKGMHGLRIFTSVPKCXXXXXXXXXXXXXXX,109
O53773,SQHLGMLAEAGLVTARKQGRERYYRLDERGVLR,55
Q80X68,HGLANQEVLVWLTQLQKEVGEDASDEKLKNYIW,317
Q9WTP6,DAGKLVSDEMVVELIEKNLETPSCKNGFLLDGF,85
P38060,QKLLEAGDFICQALNRKTSSKVAQATCKLXXXX,313
Q8BIJ6,VLIRASKQWFVNITDIKAAAKESLKTVKFIPGA,489
Q9DCN1,AAFWGYRHIANLLANAKGGKKPWFLTNEVDECE,102
P9WIS7,GGRIRKQDVLAAAEQKKRAKAPAPAAQAAAAPA,284
Q9Z2I8,VVGELAQQMIGYNLATKQTPKEGVKVNKVMVAE,129
P54869,FPGTWYLERVDEMHRRKYARCPVXXXXXXXXXX,502
Q5FW57,MGDDLDQHTNTYQIYSKDPKHCLEFLGTPDVIN,80
Q9D6R2,TAIQGPGGKWMIPPEAKESMDKNKMGLKGPLKT,85
Q99KI0,XXXXMAPYSLLVTRLQKALGVRQYHVASVLCQR,13
Q9D1I5,SFSTPQSQFQESSPVWKLGRLNHVAVAVPDLEK,46
Q8CHT0,TFFSAVIDAKAFARIKKWLEHARSSPSLSILAG,401
P9WPE9,XXXXXXXXXXXXXXMSKLIEYDETARRAMEVGM,3
Q9CZS1,YNKLFINNEWHDAVSKKTFPTVNPTTGEVIGHV,54
Q9D273,RLQPSSTAAKIPKIYTKTGDKGFSSTFTGERRP,55
Q99LP6,KVFTKHGLLRLDPIGAKFDPYEHEALFHTPVEG,169
Q80XN0,QAIAKKMWDDLPEVVRKDYGRKYFDEKIAKMET,270
Q99KR7,VVPKTAENFRALCTGEKGFGYKGSTFHRVIPAF,85
P9WPE9,AEAVANRAKHLRAEIDKSDSDWDREKLGERLAK,353
P38060,WVPQMADHSDVLKGIQKFPGINYPVLTPNMKGF,97
A2ATU0,AQYFHLLRRQMIRNFRKPLIVASPKMLLRYPAA,760
P25688,LPLDNPYGKITGTVKRKLPSRLXXXXXXXXXXX,298
Q91Z53,TLKNCVILPHIGSATYKTRNTMSLLAANNLLAG,300
Q9DBL7,VACVLAQEQLVVGVADKDLLKSKLLPELLQPYA,228
Q99K67,PVVRDAVITSNGLLTDKYKYIQKLRESRERIQF,458
Q8BJ64,ACTQPITLHSAQKPLRKVCIGLEWLWSYTGDGA,363
Q9DBF1,GWNNAIALITGNVCLWKGAPTTSLVSVAVTKII,218
Q3ULD5,GGAYVPAMADENIIVQKQGTIFLAGPPLVKAAT,235
P32020,SDRTTPTDKHIEVLIDKYGLSAHPITPQMFGYA,150
Q8C196,GPGNPALAQPLIQNVKKILESDRKEPLFGISTG,280
P9WNN1,XXXXXXXXXXXXXXMAKAKFQRTKPHVNIGTIG,3
P51660,KLGILGLCNTLAIEGRKNNIHCNTIAPNAGSRM,184
Q9WTP6,QDSLLIRRITGRLIHPKSGRSYHEEFNPPKEPM,147
Q9R0H0,GTHKPLPGITVGDIGPKFGYEEMDNGYLKMDNY,229
Q99LB7,CKLKTSVPFLGREALEKQRATGLRRRLICLTVE,816
Q8VCW8,GYWGEPQKTFETVGQDKWYRTGDIALMDEQGFC,487
Q64374,LAMVDEDKKNNRFNDGKVDPAGRYFAGTMAEET,106
Q3TC72,GTPPGVGMFRKPPVFLKKGDEVQCEIEELGVII,293
Q9DCN1,YLLFSDLNPLVTLGGNKESSQQPEVRLCQLNYP,166
Q8K370,PPGGHGEVRFKDVRVPKENILLGPGRGFEIAQG,896
P9WGV3,AAAAVVVGPHGTPDEPKGVPVFAWKGETLEEYW,118
Q8R164,LGSGKTDFAPQLQSLNKKRFTLVAWDPRGYGYS,86
O35490,AGEVVIGDGGFVFALEKRGYVKAGPWTPEAAVE,35
Q99KR7,QPLGRVVLELKADVVPKTAENFRALCTGEKGFG,72
Q9EQ20,VGPTIISNVKPSMTCYKEEIFGPVLVVLETETL,415
Q8BMS1,TGLGRGQQQVFKGLNDKVKKKALTSFERDSIFS,411
Q78JN3,WDARNALGSLPKETARKNYVDLVSSLSSSSEAP,31
Q99J39,IPGFTKWLLGLLNVQGKEHGRNELFTDSECQEI,346
Q9QXE0,LGDIDAVSKQLLEQFDKTPWQCPPDSQWWKTLR,341
P9WIS7,PPAPAPALAHLRGTTQKASRIRQITANKTRESL,320
Q07417,SARLLTWRAAMLKDNKKPFTKESAMAKLAASEA,339
Q91W43,IPHGGGGPGMGPIGVKKHLSPFLPSHPVISIKP,779
Q9DB77,XXXXXXXXXXXXXXXMKLLSRAGSFSRFYSLKV,2
P9WIS7,AKAPAPAAQAAAAPAPKAPPAPAPALAHLRGTT,302
Q8K370,ALALMKTRVMSRTAFGKPLVEQGTILADIARSR,948
Q9D819,MEIATKDPLNPIKQDVKKGKLRYVANLFPYKGY,74
Q9D819,CEIGSKVCARGEIIRVKVLGILAMIDEGETDWK,139
P9WNP7,GPPPLLLRMVEAGQLGKKSGRGFYTYXXXXXXX,277
P52825,TIDAIQFQRGGKEFLKKKKLSPDAVAQLAFQMA,458
Q5RKZ7,SEEELLRIIGAAVGRKKRQHAGMFNIAQMKNRP,363
Q61176,XXXXXXXXXXXMSSKPKSLEIIGAPFSKGQPRG,6
Q8BIJ6,ANQAICYMPEAKYAVVKCSASGHLYILAEDKIA,322
Q9DBL1,MLGLAQGCFDYTIPYIKERMQFGKRIFDFQGLQ,317
A2ATU0,HLIASGLMTQEEVSDIKTSYYTKLNDHLANVAH,482
P54869,LDRCYAAYRKKIQNQWKQAGNNQPFTLDDVQYM,282
P63038,GLQVVAVKAPGFGDNRKNQLKDMAIATGGAVFG,310
P61922,SQISSVPIGYNHPALAKLVQQPQNASTFINRPA,114
Q8C196,GKTSACFEPSLDYMVTKIPRWDLDRFHGTSSRI,772
Q9D819,NYGAIPQTWEDPGHSDKHTGCCGDNDPIDVCEI,109
A2ATU0,GGEGAESMMGFFHELLKLSAYGGITDIIIGMPH,208
P54869,FSFRVSKDASPGSPLEKLVSSVSDLPKRLDSRR,437
Q8BMS1,AVIRINSPNSKVNTLNKEVQSEFIEVMNEIWAN,66
Q8K370,RLLVLKAAHLMDVAGNKTAALDIAMIKMVVPSM,987
Q922B1,FLKGLSDKQREEHYFCKDFIKLKKIPTWKETAK,115
P52825,PEVFHLNPARSDTDAFKRLIRFVPSSLSWYGAY,189
Q8K4Z3,TVPIASIDIPSGWDVEKGNPSGIQPDLLISLTA,221
P9WI57,SLLPGRDGLVHISKLGKGKRIAKVEDVVNVGDK,700
Q9EP89,VQHYVPEFPEKEYEGEKVSVTTRLLISHLSGIR,203
P51174,HTEWEKAGEVSREVWEKAGKQGLLGINIAEKHG,92
Q9WVM8,GEEGFLAHIDRTIDFYKNQRDSILAAADKWLRG,327
Q99K67,KYNINPVSLTVGKQEAKLQSLVESQDLVISLLP,539
Q9DB29,NPVAVTIFFGANDSSLKDENPKQHVPLDEYSAN,94
P9WPE7,AVIKAGAATEVELKERKHRIEDAVRNAKAAVEE,391
Q9WTP6,MLRAMVASGSELGKKLKATMDAGKLVSDEMVVE,65
Q80X68,LRKTDPRYSCQREFALKHLPKDPMFKLVGQLYK,366
Q71RI9,VTGWKLGWSIGPAHLIKHLQTVQQNSFYTCATP,301
P9WMJ9,VITTPAYFNDAQRQATKDAGQIAGLNVLRIVNE,131
Q9DBL1,LVDRDTEGFQIGKRENKMGIRASSTCQLTFENV,252
Q9DBM2,LAPYYNQGYFLIEEGSKPEDVDGVLEEFGFRMG,496
P13745,ILNYIATKYDLYGKDMKERALIDMYSEGILDLT,87
E9Q816,FPRLGAFLRLHRPVLSKIEEVRTILRTLLETRR,239
Q3UNX5,SHDQEQLKKEIQEHVKKTTAPYKYPRKVEFIEE,542
P17182,SKFGANAILGVSLAVCKAGAVEKGVPLYRHIAD,120
Q3ULD5,EEVSAEDLGGADLHCRKSGVTDHYALDDHHALH,269
Q9JHI5,EPNAGSDVVSMKLKAEKKGDHYVLNGNKFWITN,183
Q9WU19,DDITWLRRLTSLPIVVKGILRGDDAKEAVKHGV,236
Q80X68,CLVLAARHASASSTNLKDVLRNLIPKEQARIKT,34
P63038,EDVDGEALSTLVLNRLKVGLQVVAVKAPGFGDN,292
Q9DBL7,VLTDFQTLDGSQYNPVKQQLERYATSCYSCSPQ,129
Q8R123,AFGEELKPHPELQAAIKTLGGEGWEKLSMVPSS,115
Q9JHW2,AEKIPGESTQKLSEVAKESSIYLIGGSIPEEDA,74
Q9WU19,MQLYIYKDREISRQIVKRAEKQGYKAIFVTVDT,145
P9WNN1,QRGITINIAHVEYQTDKRHYAHVDAPGHADYIK,76
Q8K370,FGKQGDYIPRQVQTWTKQYRAAETSSIPAMERL,427
Q9DCW4,NEPRYATLPNIMKAKKKKIEVVKAGDLGVDLTS,204
P17182,KYNQILRIEEELGSKAKFAGRSFRNPLAKXXXX,422
Q64374,SVALRQLGGYVATIGTKFCALNWENQSVFVLAM,76
Q9Z2I8,VFNSGLKGGVHLTKDPKVVGELAQQMIGYNLAT,112
Q3UNX5,YFNFAKDVLDQWTNMEKAGKRLSNPAFWWIDGN,67
Q8BMS1,KRPEKVIGMHYFSPVDKMQLLEIITTDKTSKDT,505
P09671,HTIFWTNLSPKGGGEPKGELLEAIKRDFGSFEK,114
Q99K67,PQAESIVDAFSKHLVSKLSYGPEEKDMIVMRDS,825
Q9WUR2,EGPCNMPKPGMLDFVNKAKWDAWNALGSLPKET,88
O35459,QDIIKSVQAAMEKRDTKSITFSKLXXXXXXXXX,320
Q80XN0,KHLHSKGFLVFAGCLMKDKGDAGVKELDSLKSD,89
Q8BMS1,AGLEQGSDAGYLAESQKFGELALTKESKALMGL,326
P9WMK1,LRPTFDTRLMRLEDEMKEGRYEVRAELPGVDPD,47
Q78JN3,RLKTYSKLSPNVMRISKELIRKHEKQKLYTVNA,270
Q9JII6,LWNTKHHPEDVEPALRKTLADLQLEYLDLYLMH,97
Q922B1,MAAKVDLSTSTDWKEAKSFLKGLSDKQREEHYF,97
Q9EP89,LDLDLPVQHYVPEFPEKEYEGEKVSVTTRLLIS,197
Q5RKZ7,NPSARQCLSDQMASLWKRHCIPKALPLSQQCLG,425
P52825,DELFTDTKARHLLVLRKGHFYVFDVLDQDGNIV,248
P97450,ELDPVQKLFVDKIREYKSKRQASGGPVDIGPEY,51
Q9DB77,FRRWEVAALRSQLKIDKAVAFQNSQTRIIENLH,162
P54869,FSTIPPAPLAKTDTWPKDVGILALEVYFPAQYV,52
Q9JLJ2,KSPLIIFSDCNMENAVKGALMANFLTQGQVCCN,274
P9WGE7,EHAFYLQYKNVKVDFAKAFWNVVNWADVQSRYA,179
Q8R3F5,VSPVKWEQTMHSIYERKKGMEFPSTYEVGPGQQ,335
Q8K370,EGLWNLFLPLETDPEKKYGAGLTNVEYAHLCEV,727
Q8BJ64,FVRAKADSAYHPSCTCKMGRSSDPTAVVDAQTK,519
P48962,ADIMYTGTLDCWRKIAKDEGANAFFKGAWSNVL,263
Q91Y97,SYGRALQASALAAWGGKAANKKATQEAFMKRAM,317
Q9Z2I8,AVDLEDAAKKAVASVAKKXXXXXXXXXXXXXXX,432
Q9CZS1,AAALPNPIPNPEICYNKLFINNEWHDAVSKKTF,40
Q61176,GIKYFSMTEVDKLGIGKVMEETFSYLLGRKKRP,210
Q3UUI3,AISEGVAMTANLNITYKKPIPLLSVVVVNSQLQ,175
P10649,DFLAYDILDQYRMFEPKCLDAFPNLRDFLARFE,173
P9WN51,NATRTAVGLFDVSHLGKALVRGPGAAQFVNSAL,59
O35490,XXXXXXMAPVAGKKAKKGILERLNAGEVVIGDG,11
P11679,DEINKRTEMENEFVLIKKDVDEAYMNKVELESR,203
Q9D0S9,RDVAPQAPVHFLVIPRKPIPRISQAEEDDQQLL,95
Q91Z53,VTTPEPLPPSHPLLTLKNCVILPHIGSATYKTR,286
Q91VA0,SIGKAILPFDLQIIDEKGNILPPNTEGYIGIRI,400
O08756,VAVVTGGASGPWLATAKRLVGQGATAVLLDVPD,28
P9WHE3,SGLGLKEAKDLVDGAPKPLLEKVAKEAADEAKA,102
P38060,LTSLRAVSTSSMGTLPKQVKIVEVGPRDGLQNE,31
Q91W43,YGNIDVAHLKAMVDQHKENLAAIMITYPSTNGV,694
O88986,RHLDMADLEAKLKEAQKHRLRLVATDGAFSMDG,190
P47738,SGRELGEYGLQAYTEVKTVTVKVPQKNSXXXXX,508
O35459,LISKYQKTFTVIEKCPKPVIAAIHGGCIGGGVD,160
Q9JLJ2,INNYNVSPVELPFGGYKKSGFGRENGRVTIEYY,461
Q8BWF0,NSWKGVSVKERSLLLRKWYDLMIQNKDDLAKII,114
P63038,EGLNLNLEDVQAHDLGKVGEVIVTKDDAMLLKG,344
Q8BWF0,ERSLLLRKWYDLMIQNKDDLAKIITAESGKPLK,123
Q9JHI5,ITAFIVEKGMPGFSTSKKLDKLGMRGSNTCELV,239
P52825,SIFTKRCSEAFVREPSKHSVGELQHMMAECSKY,522
Q9DCX2,MTIDDLNEIFPETKLDKKKYPYWPHQPIENLXX,147
Q99KR7,GMDVVKKIESFGSKSGKTSKKIVITDCGQLSXX,192
Q9D3D9,ARAEIQIRIEANEALVKALEXXXXXXXXXXXXX,165
P11679,DAQTKLAELEAALQRAKQDMARQLREYQELMNV,370
Q9DBL7,HRGAVGGTFDRLHNAHKVLLSVACVLAQEQLVV,207
P13745,YVEEFDASLLTPFPLLKAFKSRISSLPNVKKFL,182
P38647,KIVRASNGDAWVEAHGKLYSPSQIGAFVLMKMK,159
P17182,VAASEFYRSGKYDLDFKSPDDPSRYITPDQLAD,262
Q99LP6,LKSLYEGLVMTEVQIQKVFTKHGLLRLDPIGAK,153
Q9EP89,VLLVLPEELDSEAVNNKVPPRGIIVSIICNMQS,515
P08228,NTQGCTSAGPHFNPHSKKHGGPADEERHVGDLG,70
P9WPR9,QAEGQKQAQILAAEGAKQAAILAAEADRQSRML,221
Q9D273,VARYAAMKEGSQEKIYKKHDVXXXXXXXXXXXX,233
Q8CHT0,QGSPERDALQKALKDLKGQMEAIPCVVGDEEVW,57
Q9WUR2,AKLPPNAMRISKELIRKNEKEKLYAVNAEECTT,351
Q925I1,TEGKQRLKVAQFDYGKKCSEVAQLTEGMSGREI,513
Q9D1I5,XXXXXXXXXXXMRRVVKAAALAAGATGLFSRVQ,6
Q9DBT9,FGVLGVAGPYARRVLQKLTSEDLSDDAFKFLQT,636
Q99KI0,AEIGATTSVFPYNHRMKKYLSKTGRTDIANLAE,304
Q9D023,AGASQLFRIWRYNQELKSKGIQXXXXXXXXXXX,122
Q9D6R2,IQWEERNVTAIQGPGGKWMIPPEAKESMDKNKM,77
Q8C196,VIECNLRASRSFPFVSKTLGVDFIDVATKVMIG,1269
P9WND5,NTVFDPSLTFDDLAWIKSQWPGKLVVKGIQTLD,267
Q8QZR3,YLWDMNLDLTEEEELLKRMMMKYWANFARNGNP,483
Q9D172,AKKPIGLCCIAPVLAAKVIKGVEVTVGHEQEEG,183
Q8BMS1,RKSGKGFYIYQEGSKNKSLNSEMDNILANLRLP,646
P10649,SAYMKSSRYIATPIFSKMAHWSNKXXXXXXXXX,211
P11679,NEFVLIKKDVDEAYMNKVELESRLEGLTDEINF,213
Q78JN3,VTSEDGITKITFNRPTKKNAISFQMYLDIMHAL,82
Q9CZU6,XXXMALLTAATRLLGAKNSSCLVLAARHASASS,14
Q8K4F5,MKAVEIPEKVPHSQARKLADKQLSSVVKEAGIR,192
P32020,GLSAHPITPQMFGYAGKEHMEKYGTKVEHFAKI,168
Q8CHT0,KAADMLSGPRRAEVLAKTMVGQGKTVIQAEIDA,145
Q03265,IGRGQRELIIGDRQTGKTSIAIDTIINQKRFND,218
Q91W43,KKHLSPFLPSHPVISIKPTEGTWPVGTVSAAPW,794
Q9D172,KVNKEVERVLKEFHGAKKPIGLCCIAPVLAAKV,168
P00329,AKELGATECINPQDYSKPIQEVLQEMTDGGVDF,249
P00015,XXXMGDAEAGKKIFVQKCAQCHTVEKGGKHKTG,14
Q8R4N0,YVPRRAVLYVPGNDEKKIRKIPSLKVDCAVLDC,56
Q3TC72,GDLLLTGTPPGVGMFRKPPVFLKKGDEVQCEIE,287
P09671,SKHHAAYVNNLNATEEKYHEALAKGDVTTQVAL,68
Q8K370,LVHGDFRLDNLIFHPEKAEVLAVLDWELSTLGD,475
Q9DBT9,GIGDFGTYALNALRLEKAFRAWGSEMNCDTNPL,715
P9WGV3,VVTATGNKDIIMLEHIKAMKDHAILGNIGHFDN,350
Q99K67,PRLARLRACLSRGLHHKPVMALRREDVNAWERR,23
Q9D1I5,LPEHGVSVVFVNLGNTKMELLHPLGSDSPITGF,97
Q8VCW8,FVEGYPLTISGKIQKFKLREQMEQHLKLXXXXX,604
Q8K370,RSLTGQASSATAQQSGKLTESMAELAWDFATKE,584
Q9DCM2,LFGSDRLELLAYLLGEKWMGPVPPTANARLXXX,213
P11679,ETRDGKLVSESSDVVSKXXXXXXXXXXXXXXXX,490
Q9DCN1,FCPTCGSATKIEEGGYKRVCVRETCPSLQGVHN,299
Q9Z2I8,AIIANGITKACRELELKVPLVVRLEGTNVQEAQ,387
Q9WTP6,RTVRQAEMLDDLMEKRKEKLDSVIEFSIQDSLL,119
Q9EP89,LISHLSGIRHYEKDIKKVKEEKAYKALKMVKGT,227
Q91ZA3,VKYSSAGTVEFLVDSQKNFYFLEMNTRLQVEHP,339
Q9QXE0,SKPCLLNIMIEPQSTRKAQDFHWLTRSNMXXXX,569
Q8CHT0,HAWRGAGLRWKHTSSLKVTNEPILAFSQGSPER,30
Q61425,QPSPSMNNLVAQKKLGKKTGEGFYKYKXXXXXX,304
Q9R0P3,CFGGLQKVFEHSSVELKCKMRFAVYLPPQAESG,27
Q99KI0,VTQEFGPVPDTARYYKKHGIRWVVIGDENYGEG,652
P9WPR9,KRAMILTAEGTREAAIKQAEGQKQAQILAAEGA,204
Q8QZS1,KAFCAGGDIKALSEAKKARQNLTQDLFREEYIL,107
Q9DCS3,GFWLSQWKKNHSPDEFKELILTLCNLIRQGRLT,325
Q9DBF1,PKRGEIVRKIGDAFREKIQLLGRLVSLEMGKIL,124
P26443,EDKLVEDLKTRESEEQKRNRVRGILRIIKPCNH,98
P54071,TDFLDTIKSNLDRALGKQXXXXXXXXXXXXXXX,451
Q9WVM8,GLAEWHVPKAGMFLWIKVKGISDTKQLIEEKAI,359
Q8BIJ6,MFTDAAGPELQNKAVLKEGTDVVIKMLQATKNV,437
O08756,XXXXXXXXMAAAVRSVKGLVAVVTGGASGPWLA,9
P63038,VIVTKDDAMLLKGKGDKAHIEKRIQEITEQLDI,364
Q8QZR3,LRAKSKQEILAINQVFKMIPAVVDGEFLPKHPQ,307
Q8R4N0,KGAFTFRGSMIDMPLLKQAQNIVTLATSIKEKX,323
Q8R0F8,EIEAGIDGVVSMRFKVKRSEYXXXXXXXXXXXX,223
Q71RI9,KTIYSSSKVLGLCTSAKMALKFKNAKRIEGLDS,35
Q8C196,EKIAPSFAVESMEDALKAADTIGYPVMIRSAYA,575
Q64374,WENQSVFVLAMVDEDKKNNRFNDGKVDPAGRYF,98
P14152,GLPINDFSREKMDLTAKELTEEKETAFEFLSSA,318
Q60597,VEEMYCAWLENPKSVHKSWDIFFRNTNAGAPPG,74
Q9D6Y7,GYCGLGGTGVSCPMAIKKXXXXXXXXXXXXXXX,232
Q8BIJ6,SFYFSIVKDRLYCENEKDPKRRSCQTALAEILD,812
P05201,SFTGLNPKQVEYLVNEKHIYLLPSGRINMCGLT,378
Q9WUM5,PPGRRMGHAGAIIAGGKGGAKEKISALQSAGVV,308
Q8K370,TLLPSAHAIEREFRIMKALANAGVPVPTVLDLC,334
P61922,CSNENAFKTIFMWYRSKERGQRGFSKEELETCM,182
Q99KI0,LSKTGRTDIANLAEEFKDHLVPDPGCQYDQVIE,323
Q9CQ62,DGGEEVFLSGEFNSLKKVTKEEWDIIEGLIRKT,316
Q9JHI5,LDHTIPYLHVREAFGQKIGQFQLMQGKMADMYT,316
P52760,XXXXXXXXXXMSSIIRKVISTTKAPAAIGPYSQ,7
O55137,FYADEISKRLQAHGKEKPQIICYPAAGHYIEPP,347
Q9EQ20,DTNFYGKQGIQFYTQLKTITSQWKEEDATLSSP,510
P00329,KSKDSVPKLVADFMAKKFPLDPLITHVLPFEKI,340
Q8K370,AVGWEVQNHVPSGTIVKAFIRGGDSGPWIRFIK,77
P50136,IINPSEDPHLPQEEVLKFYRSMTLLNTMDRILY,101
P9WPE7,KKWGAPTITNDGVSIAKEIELEDPYEKIGAELV,57
P51881,FAFKDKYKQIFLGGVDKRTQFWRYFAGNLASGG,105
Q64374,FDQVDISNGLDWSLDHKIFYYIDSLSYTVDAFD,163
Q80XN0,LPEVVRKDYGRKYFDEKIAKMETYCNSGSTDTS,280
O55137,DGLKDVVDALQSPLVDKKSFIPVERSDTTFLFL,303
Q8BJ64,LTEDPNHRVLLLEAGPKDLLMGSKRLQWKIHMP,77
Q9JHW2,IDLKKLAEIRQQIPILKQKRADLYTVESKKPXX,262
P11725,PVQSQVQLKGRDLLTLKNFTGEEIQYMLWLSAD,46
P51881,VIRYFPTQALNFAFKDKYKQIFLGGVDKRTQFW,94
Q3UNX5,QTETVLICGNFKGMKIKPGSMGKPSPAFDVKIL,388
P9WMJ9,TFDIDANGIVHVTAKDKGTGKENTIRIQEGSGL,465
Q60597,VSQGVVNQPEYEEEISKYDKICEEAFTRSKDEK,561
Q8BIJ6,ISRQRVWGVPIPVFHHKTKDEYLINSQTTEHII,538
O08749,QVTATKADGSTQVIDTKNILVATGSEVTPFPGI,177
P26443,HYSEAAADREDDPNFFKMVEGFFDRGASIVEDK,68
A2ATU0,VVRATRLAFEYQRQFRKDVIVDLLCYRQWGHNE,422
P12710,KAIGLPEDLIQKGKDIKGVSEIVHEGKKIKLTI,36
Q8BTY1,LEGIDHNPWVEFTRLSKEYDVVNLGQGFPDFSP,26
O35943,LGGDLGTYVINKQTPNKQIWLSSPSSGPKRYDW,149
P9WGV3,LIGGKKVLICGYGDVGKGCAEAMKGQGARVSVT,288
Q8QZR3,ALKARRLQFWTKTLPQKIQELKGSQDKHAELXX,544
Q07417,RASSTANLIFEDCRIPKENLLGEPGMGFKIAMQ,250
Q9JLJ2,GPLINAPHLERVLGFVKLAKEQGATVLCGGEVY,344
Q9D273,ARYAAMKEGSQEKIYKKHDVXXXXXXXXXXXXX,234
Q99LB2,VTATAMMIKAVVPEMEKRGGGSVVIVGSVAGFT,159
P9WPE7,DELKLEGDEATGANIVKVALEAPLKQIAFNSGL,441
Q60597,TVDWALAEYMAFGSLLKEGIHVRLSGQDVERGT,666
Q925I1,VRMYFDKYVLKPATEGKQRLKVAQFDYGKKCSE,500
P08249,PITAEVFKKHGVYNPNKIFGVTTLDIVRANTFV,165
O35215,RIVIRFFPLEAWQIGKKGTVMTFLXXXXXXXXX,111
Q9QXE0,AASVLRDAKQPLLIIGKGAAYSHAEDSIRKLVE,225
P08228,ADEERHVGDLGNVTAGKDGVANVSIEDRVISLS,92
P9WGV3,KVFLNLLRTRFETDKDKWTKIAESVKGVTEETT,204
Q8C196,DYSGSQAVKAMKEENVKTVLMNPNIASVQTNEV,458
P47738,LKFKTIEEVVGRANDSKYGLAAAVFTKDLDKAN,443
P9WND5,SLTFDDLAWIKSQWPGKLVVKGIQTLDDARAVV,273
P9WMJ9,KDKMAMQRLREAAEKAKIELSSSQSTSINLPYI,242
P9WNN1,KRHYAHVDAPGHADYIKNMITGAAQMDGAILVV,92
Q8BWF0,RGIHDSFVTKFAEAMKKSLRVGNGFEEGTTQGP,354
Q9DCW4,PQGTFASQVTLEGDKVKVEREIDGGLETLRLKL,161
Q9QXE0,PWQCPPDSQWWKTLREKMKSNEAISKELASQKS,359
P63038,AMKKVGRKGVITVKDGKTLNDELEIIEGMKFDR,205
Q60597,RQILLPFRKPLIVFTPKSLLRHPEARTSFDEML,860
Q91ZA3,TSKSYLNMDAIMEAIKKTRAQAVHPGYGFLSEN,129
Q9QZA0,SPINIRWRDSVYDPGLKPLTISYDPATCLHIWN,81
P51660,EQYLELYKPLPRSGELKCEAVIADILDKGSGVV,423
Q9R0P3,FGTGAGFYVNATEDPWKANYRMYSYVTEELPQL,115
P08249,EEKMIAEAIPELKASIKKGEDFVKNMKXXXXXX,328
Q99KR7,KHVVFGHVKEGMDVVKKIESFGSKSGKTSKKIV,182
P9WNP7,GLDTLKLIADKMFEEFKEPHYGPPPLLLRMVEA,256
P9WGV3,DEYDNEVYRLPKHLDEKVARIHVEALGGHLTKL,456
Q60597,TELQRFLDTAFDLDAFKKFSXXXXXXXXXXXXX,1020
Q8BMS1,LGAGLMGAGIAQVSVDKGLKTLLKDTTVTGLGR,383
Q9DBL1,LFRKHASEEQKATYLPKLVTEKLGSFCLSEAGA,165
P9WI57,MIKMAQQIDSLGPETSKRYMHHYNFPPFSTGET,405
Q9EP89,KALKMVKGTPPPSDQEKELKEKGGKNNEKSDAP,251
Q9CPY7,IGLAPLCENMPSGKANKPGDVVRARNGKTIQVD,345
P9WMJ9,VLVGGSTRMPAVTDLVKELTGGKEPNKGVNPDE,327
P36552,ANQMRGRGKTLKTKDSKLPFTAMGVSSVIHPKN,224
Q5RKZ7,DSFGRQHSYLRISLTEKCNLRCQYCMPEEGVPL,79
Q8R3F5,NIKKPLVAVHSNVSGQKYTHPQHIRKLLGQQVV,303
Q60597,ELQRFLDTAFDLDAFKKFSXXXXXXXXXXXXXX,1021
Q9CZS1,GEDGLRAYTEVKTVTIKVPEKNSXXXXXXXXXX,513
P47738,DSKYGLAAAVFTKDLDKANYLSQALQAGTVWIN,457
E9Q816,LSERYGPMFTIHLGSQKTVVLSGYEVVREALVG,78
Q99LP6,IQGFCKDLLEVADILEKATQSVPKEEISNNNPH,120
P24270,XMSDSRDPASDQMKQWKEQRASQRPDVLTTGGG,16
P11725,VMVSLLTDYSPVLQKPKFXXXXXXXXXXXXXXX,353
Q99LC5,KGLLPEELTPLILETQKQFSYTHICAGASAFGK,101
P9WPE7,EATGANIVKVALEAPLKQIAFNSGLEPGVVAEK,449
Q8R0F8,YCRNLHHEVELGVLLGKRGEAIPEAAAMDYVAG,83
Q9CZU6,GFPLERPKSMSTDGLMKFVDSKXXXXXXXXXXX,459
Q925I1,KDKWSNFDPTGLERAAKAARELEHSRHAKEALS,59
Q60597,VANPSHLEAADPVVMGKTKAEQFYCGDTEGKKV,387
Q91VA0,DFCSLIKSASPDHTCIKSKMKDPMAIFFTSGTT,210
A2ATU0,ELKKETFTTEERKYLSKLLLESQEFDHFLATKF,169
Q9CZU6,RPKSMSTDGLMKFVDSKXXXXXXXXXXXXXXXX,464
P35486,YSSDPPFEVRGANQWIKFKSVSXXXXXXXXXXX,385
P9WPE9,AVIKVGAATETALKERKESVEDAVAAAKAAVEE,391
P00015,VIWSEETLMEYLENPKKYIPGTKMIFAGIKKKS,74
O08997,DMTCEGCAEAVSRVLNKLGGVEFNIDLPNKKVC,25
P32020,GLAMKLQNLQLQPGKAKLXXXXXXXXXXXXXXX,546
Q3UEG6,PMAAVVTTPEIAKSLAKRLLHFSTFGGNPLACA,372
Q3TC72,CQEQNVRVPKSPIIFSKFSSSIVGPYDEIILPP,135
Q9JII6,QILLRWQVQRKVICIPKSINPSRILQNIQVFDF,263
P24270,HDITRYSKAKVFEHIGKRTPIAVRFSTVTGESG,105
P35486,GMGTSVERAAASTDYYKRGDFIPGLRVDGMDIL,244
Q60597,ADLDSSVPADIISSTDKLGFYGLHESDLDKVFH,171
P9WGE7,EEARAKEDHSAILLNEKNLAFNLAGHVNHTIWW,64
P13745,EMIGQLVLCPPDQREAKTALAKDRTKNRYLPAF,120
Q91ZA3,STLCSPMPGVVVAVSVKPGDMVAEGQEICVIEA,672
Q8BWF0,FDSANVDQAVAGAMASKFRNAGQTCVCSNRFLV,320
Q9CQE1,FIDKQEVEITYLVPWCKIGTPPKEGVYELATFQ,136
Q9DCN1,SQQPEVRLCQLNYPDVKGYLAQPEKITLVFLGV,185
P9WGT3,LSADAFLMRMTEEKFEKVINANLTGAFRVAQRA,107
Q99J08,WQFMSEGSDVGFGIFLKTKMGERQRAGEMTEVL,321
Q9DCX2,DFEKKYNALKIPVPEDKYTALVDQEEKEDVKSC,85
P05201,RIGADFLGRWYNGTDNKNTPIYVSSPTWENHNA,130
Q922B1,CETGKAKITCGYRLPAKYVIHTVGPIAVGQPTA,219
P9WGT3,KAGVIGMARSIARELSKANVTANVVAPGYIDTD,173
Q9D6R2,XXXXXXXXMAGSAWVSKVSRLLGAFHNTKQVTR,9
Q64433,LFDRVLVERSAAETVTKGGIMLPEKSQGKVLQA,28
P38060,EAGDFICQALNRKTSSKVAQATCKLXXXXXXXX,317
Q80X68,QLYKIVPDILLEQGKAKNPWPNVDAHSGVLLQY,395
Q99J39,LTQQGLQGVELGTFLIKRVVKELQKEFPQLGAF,308
Q9DB77,NLGTSHLLRLASSLTTKGASSFKITRGIEAVGG,92
Q91Z53,ADCEVEQWNSDDPIPRKDLEQGVVGAHGLLCRL,43
Q9WUR9,KPEAVAARLRRYKDAAKPVIELYKSRGVLHQFS,179
Q91VR2,VSSDRGLCGAIHSSVAKQMKNEVAALTAAGKEV,112
Q78JN3,MPREEYAKALRNFLFRKAKAKLXXXXXXXXXXX,312
Q91VA0,SSATLREMKIKRGSIGKAILPFDLQIIDEKGNI,387
Q9D1I5,LLHPLGSDSPITGFLQKNKAGGMHHVCIEVDNI,116
P97807,LHDALSAKSKEFAQVIKIGRTHTQDAVPLTLGQ,227
Q9WVM8,AEWHVPKAGMFLWIKVKGISDTKQLIEEKAIER,361
Q9EP89,NEPVIYNRARFYVYNKKKRLVNTPYVDNSYKWA,384
Q99L13,KGSLLIDSSTIDPSVSKELAKEVEKMGAVFMDA,140
P9WMJ9,KKYTAPEISARILMKLKRDAEAYLGEDITDAVI,100
Q3UNX5,APTAYRMLVQNDMSSYKFNSLKHCVSAGEPINP,336
P36552,FDDLDSPSKEEAFRFVKTCAEAVVPSYVPIVKK,344
Q9DBL1,ASEEQKATYLPKLVTEKLGSFCLSEAGAGSDSF,170
Q5FW57,LKVYGTVFHMNQGNPFKLKALVDKWPDFNTVVV,41
Q91Z53,VVGAHGLLCRLSDRVDKKLLDAAGANLRVISTL,65
P9WIY3,LQIVEQVGTPVICTQGKVIPDLITWWCERDGVH,264
P9WNN1,NVNEEVEIVGIRPSTTKTTVTGVEMFRKLLDQG,255
Q8C5H8,AVIAAGGDGTMLLAASKVLDRLKPVIGVNTDPE,158
O08749,IEIPEVRLNLEKMMEQKHSAVKALTGGIAHLFK,127
Q9CZL5,LKAAGWSELSERDAIYKEFSFKNFNQAFGFMSR,69
Q922B1,HYFCKDFIKLKKIPTWKETAKGLAVKVEDPKYK,127
Q8QZT1,KRVDFSKVPKLKTVFQKENGTITAANASTLNDG,270
P38647,PKVQQTVQDLFGRAPSKAVNPDEAVAIGAAIQG,409
Q8BH95,VNAAFEMTLTEGNKLEKRLFYSTFATDDRREGM,260
Q8BFR5,ARHYAHTDCPGHADYVKNMITGTAPLDGCILVV,135
P11725,ALRKGHTSVVRHFWCGKPVQSQVQLKGRDLLTL,29
Q99KI0,HLIEAQVGGEKDLRRAKDINQEVYNFLATAGAK,144
Q8CFA2,QLLVEVRRKQQMTVVSKMPFVPTNYYTLKXXXX,391
Q3UUI3,RSFEEGLGFEYAMFYNKVEKRTVSLFQGGLHLQ,120
Q03265,LRNVQAEEMVEFSSGLKGMSLNLEPDNVGVVVF,103
Q9DBT9,MNCDTNPLEAGLEYFVKLNKPADFIGKQALKQI,740
P16460,EFYNRFKGRNDLMEYAKQHGIPIPVTPKSPWSM,165
Q80XN0,YKEVAEVNLWGTVRTTKSFLPLLRRAKGRVVNI,177
P16460,YLANIGQKEDFEEARKKALKLGAKKVFIEDVSK,50
P26443,DSNYHLLMSVQESLERKFGKHGGTIPVVPTAEF,477
P14152,VIVVGNPANTNCLTASKSAPSIPKENFSCLTRL,142
Q8K4Z3,PSGIQPDLLISLTAPKKSATHFTGRYHYLGGRF,240
Q91ZA3,TVYKVHILTKLAAELNKFMLEKVPKDTSSTLCS,644
P50136,PLATQIPQAVGAAYAAKRANANRIVICYFGEGA,221
Q8K4Z3,DQLMELAGLSCATAIAKAYPPTSMSKSPPTVLV,91
Q9DCN1,VVQFLLEKGCDRSLVNKARQTALDIAAFWGYRH,77
P17182,AILGVSLAVCKAGAVEKGVPLYRHIADLAGNPE,126
P51660,KRNQPMTPEAVRDNWEKICDFSNASKPQTIQES,275
Q8BK48,EQYLQLDIQPSVGRALKARRLQFWTKTLPQKIQ,531
P48962,KLLLQVQHASKQISAEKQYKGIIDCVVRIPKEQ,49
P9WMJ9,DVLLLDVTPLSLGIETKGGVMTRLIERNTTIPT,378
Q8BK48,NDEYGWILPTIMDPAQKIEEITRKTLPAVLKST,359
Q8K370,QASADRWSPSPLIEDLKEKAKAEGLWNLFLPLE,705
Q8BWF0,SNRFLVQRGIHDSFVTKFAEAMKKSLRVGNGFE,347
O88986,AGLSSTRFICGTQSIHKNLEAKIAHFHQREDAI,110
O88986,LKKGIFVIGFSYPVVPKGKARIRVQISAVHSEE,380
Q9D6R2,GNAKCSDFTEEICRRVKDLDXXXXXXXXXXXXX,363
Q9EQ20,LMKPSERVPGATMLLAKLLQDSGAPDGTLNIIH,223
Q5RKZ7,YDMCKAVSRDIVVTEVKLISKTGGQRGDFHRAX,621
Q91W43,AMFAIYHGSQGLKHIAKRVHNATLILSEGLKRA,414
P9WIS7,IDLAGVTGTGVGGRIRKQDVLAAAEQKKRAKAP,273
P17182,ALVSKKVNVVEQEKIDKLMIEMDGTENKSKFGA,92
Q8BMS1,VPFVRQQVYKTVEEKVKKQTKGLYPAPLKIIDA,291
Q8BH95,YSSKFLSHWDHITRVKKPVIAAVNGYALGGGCE,128
P9WMJ9,SVKRHMGSDWSIEIDGKKYTAPEISARILMKLK,84
P97807,VISNRAIEMLGGELGSKKPVHPNDHVNKSQSSN,169
Q8BWF0,AAIITPWNFPSAMITRKVGAALAAGCTVVVKPA,202
Q91ZA3,AVHPGYGFLSENKEFAKRLAAEDVTFIGPDTHA,150
Q9D172,QIFAPDVPQMHVIDHTKGEPSERESRNVLAESA,92
Q80X68,FRGYSIPECQKLLPKAKGGKEPLPEGLFWLLVT,109
Q9R0H0,NYRIPRENMLMKYAQVKPDGTYVKPLSNKLTYG,260
P13745,KPPMDAKQIQEARKAFKIQXXXXXXXXXXXXXX,221
Q99K67,PRLLTRQDAQSLLVPVKSSVVPVEGCPELPHKL,333
Q80XN0,PDTRRTYASQADAASGKAILITGCDSGFGFSLA,56
Q9DBL1,LTYNAARLVEAGRPFIKEASMAKYYASEVAGLT,365
P9WPE9,LVAAGVNPIALGVGIGKAADAVSEALLASATPV,121
Q99LC5,KAPSSSSVGISEWLDQKLTKSDRPELTGAKVVV,203
Q91VA0,XXXXXXXXXXXXMQWLKSFQICKVLQGFSLSPT,5
Q8BK48,KDTDIAVHTFLGIPFAKPPVGPLRFAPPEAPEP,65
P05201,AAGFKDIRPYCYWDAEKRGLDLQGFLNDLENAP,166
P38647,KLYSPSQIGAFVLMKMKETAENYLGHTAKNAVI,175
Q9Z2I8,LGFLGSLKNQAADQITKLYHLFLKIDATQVEVN,228
Q3UNX5,ELPKTVSGKVKRNELRKKEWVTTXXXXXXXXXX,574
Q3UEG6,TVSVGHCHPKVSAVAKKQIDRLWHTSSVFFHSP,128
Q99LB2,VAGFTRFPSLGPYNVSKTALLGLTKNFAAELAP,187
Q9DBF1,MWRVPRRLCVQSVKTSKLSGPWSRPAAHMSTLL,17
Q8BFR5,VRGLKREDLRRGLVMVKPGSIQPHQKVEAQVYI,342
P26443,SILEADCDILIPAASEKQLTKSNAPRVKAKIIA,386
P00015,XXXXXXXXMGDAEAGKKIFVQKCAQCHTVEKGG,9
P24270,MAHFDRERIPERVVHAKGAGAFGYFEVTHDITR,77
Q9DBM2,SRYSSPTTIATVMSLSKRIGKIGVVVGNCYGFV,459
Q9CZS1,EESIYREFLERTVEKAKQRKVGNPFELDTQQGP,346
Q91VR2,DEGSIIFNQFKSVISYKTEEKPIFSLNTIATAE,197
Q9DCS3,KQPVTASVSLLIFKDLKLRGFWLSQWKKNHSPD,306
Q61425,FLRSMSSSSSASAAAKKILIKHVTVIGGGLMGA,24
P56480,MNVIGEPIDERGPIKTKQFAPIHAEAPEFIEMS,161
Q9EQ20,TPQAKERVCNLIDSGTKEGASILLDGRRIKVKG,376
Q8BIJ6,GRYRDTVLLPQTSFPMKLLGRQQSDMELEIQQK,74
Q9D6R2,VDGVVQSIKLITEEASKRIAEFAFEYARNNHRS,177
P9WPE7,EKVTETLLKGAKEVETKEQIAATAAISAGDQSI,140
Q61425,SQKTFESLVDFCKTLGKHPVSCKDTPGFIVNRL,206
Q9D172,CETALHHIHDGIGAMVKNVLELTGKXXXXXXXX,258
Q5RKZ7,DLLTTEEILTLARLFVKEGVDKIRLTGGEPLIR,116
Q9WUR2,PPNAMRISKELIRKNEKEKLYAVNAEECTTLQA,354
Q8BIJ6,KSVFRTGWINTSSIWKKPGLEEAVESACAMRDS,872
P9WGV3,EEAIGDADIVVTATGNKDIIMLEHIKAMKDHAI,341
Q91W43,LPRHDDFSRRHIGPGDKDRREMLQALGLASIDE,78
P10649,DAFPNLRDFLARFEGLKKISAYMKSSRYIATPI,192
Q8C196,GKIEFEGQSVDFVDPNKQNLIAEVSTKDVKVFG,197
Q925I1,EQLKSEQIRVQAEERRKTLTEETRQHQARAQYQ,116
P46656,LACSTCHLIFEDHIYEKLDAITDEENDMLDLAF,130
P11679,INNLRRQLEALGQEKLKLEAELGNMQGLVEDFK,166
Q9R0H0,YGLHAFVVPIREIGTHKPLPGITVGDIGPKFGY,216
P17182,DTFIADLVVGLCTGQIKTGAPCRSERLAKYNQI,394
P51660,QSIMYALGVGASVKNPKDLKFVYEGSADFSCLP,358
Q99LP6,LALSFRPSPRLLCTATKQKNNGQNLDEDLGHCE,32
Q8CFA2,NAGCRDKDLALMQDKVKEFQNRGLDVGLEVVEN,161
P38647,SDIGEVILVGGMTRMPKVQQTVQDLFGRAPSKA,394
Q71RI9,DEPYDYKFVKWMTKHKKLTAIPVSAFCDSKSKP,407
O08997,VLNKLGGVEFNIDLPNKKVCIDSEHSSDTLLAT,38
Q78JN3,EVFPESTFETEVWTRLKTYSKLSPNVMRISKEL,256
Q8R0F8,EGDLILTGTPKGVGPIKENDEIEAGIDGVVSMR,203
Q9D819,WKVIAINVDDPDAANYKDISDVERLKPGYLEAT,170
Q8K4F5,HIGAFIAAMKAVEIPEKVPHSQARKLADKQLSS,184
P63038,VAVLKVGGTSDVEVNEKKDRVTDALNATRAAVE,417
P10853,XXXXXMPEPAKSAPAPKKGSKKAVTKAQKKDGK,12
O35943,TRHAHLNLHYLQILNIKKQSVCVVHLRNLGTLD,66
Q8BK48,KLPYTEEEEQLSRRIMKYWANFARHGNPNSEGL,489
Q9CPY7,INIIGLAPLCENMPSGKANKPGDVVRARNGKTI,342
Q922B1,SLLTDECRTLQNCETGKAKITCGYRLPAKYVIH,207
Q9DBT9,QRVGVIDLSPFGKFNIKGRDSTQLLDHLFANVI,536
Q61425,QDRFAGLHFFNPVPMMKLVEVIKTPMTSQKTFE,179
Q8BK48,KVFKIIPGVVDGEFLPKHPQELMASKDFHPVPS,321
Q8BK48,IRNTHTGQVRGSLVHVKDTDIAVHTFLGIPFAK,49
Q3UNX5,PERPFGLFTHYVDNPSKTASTLRGSFYITGDRG,441
Q9JLZ3,LAREFLPQGPVAMRVAKLAINQGMEVDLVTGLA,265
P47738,CGQIIPWNFPLLMQAWKLGPALATGNVVVMKVA,197
Q99LP6,LSFRPSPRLLCTATKQKNNGQNLDEDLGHCEPK,34
Q9D172,VNKEVERVLKEFHGAKKPIGLCCIAPVLAAKVI,169
P50544,VLDKPETLSSDASTREKPARAESKSFAVGMFKG,65
Q9WUR2,RLKTYAKLPPNAMRISKELIRKNEKEKLYAVNA,346
Q3UNX5,LIASDVMWNTSDTGWAKSAWSSVFSPWTQGACV,276
P63038,GGGCALLRCIPALDSLKPANEDQKIGIEIIKRA,455
Q8QZR3,HGGGLVVGSASMNDVSKLAATEEIVIVAIQYRL,162
P50544,VFPYPSVLSEEQAQFLKELVGPVARFFEEVNDP,104
P9WGV3,SLIDGINRGTDALIGGKKVLICGYGDVGKGCAE,276
Q9DCS3,SGVGQAVIQIASALRLKTINVVRDRPDIKKLTD,210
Q9DCW4,KIRVKPDKSGVVTDGVKHSMNPFCEIAVEEAVR,35
O55125,KLKNNKEYLEFRKERSKMLLSRRNQLLLEFSFW,157
P9WIS7,GVAADIGAAPAPKPAPKPVPEPAPTPKAEPAPS,212
Q9CZS1,CYNKLFINNEWHDAVSKKTFPTVNPTTGEVIGH,53
P51660,RSGELKCEAVIADILDKGSGVVIVMDVYSYSGK,434
Q9CQR4,SPAKIGEEIVITAHILKQGKTLAFASVDLTNKT,108
P51174,TEPGAGSDLQGVRTNAKRSGSDWILNGSKVFIT,189
P38647,EVTFDIDANGIVHVSAKDKGTGREQQIVIQSSG,535
P54071,CFQYSIQKKWPLYLSTKNTILKAYDGRFKDIFQ,251
Q9QZA0,LEQFRTLLFTSEGEKEKRMVDNFRPLQPLMNRT,275
P11725,XMLSNLRILLNNAALRKGHTSVVRHFWCGKPVQ,16
P63038,KGQKCEFQDAYVLLSEKKISSVQSIVPALEIAN,249
P70694,KPVCNQVECHPYLNQGKLLDFCRSKDIVLVAYS,201
Q9JII6,DEPVLLEEPVVLALAEKHGRSPAQILLRWQVQR,240
Q8BWF0,KAKEVGEVLCTDPLVSKISFTGSTATGKILLHH,267
P54869,PEEFTEIMNQREQFYHKVNFSPPGDTSNLFPGT,473
Q8BMS1,NFAKGLADRKVSAKQSKGLVEKLTTYAMTVPFV,262
P11679,XXXXXXMSIRVTQKSYKMSTSGPRAFSSRSFTS,11
