Q9DBT9,PGSIRLATTPVRVDEFKYQMTRTNWHATEQYII,141
Q9D6Y7,STQVGFAGGHTRNPTYKEVCSEKTGHAEVVRVV,104
Q3UUI3,RLLFDQFMKKCEDGSWKRMPSHRQNPTRAIQEF,65
Q9CZS1,AKEEIFGPVQPLFKFKKIEEVIQRANNTRYGLA,431
Q8BWF0,TTQGPLINEKAVEKVEKQVNDAVAKGATVVTGG,382
Q9JHW2,TYFPDYAEKIPGESTQKLSEVAKESSIYLIGGS,68
P09671,KGELLEAIKRDFGSFEKFKEKLTAVSVGVQGSG,130
Q9CQR4,FDRVLEKVTLVSAAPEKLICEMKVEEQHTNKLG,37
P11725,MMSAAKFGMHLQAATPKGYEPDPNIVKLAEQYA,221
Q9CZL5,ITLTSHDCGGLTKRDVKLAQFIEKAAASLXXXX,124
Q9WTP7,SGRLLRAVIMGAPGSGKGTVSSRITKHFELKHL,20
Q9WVM8,FTVENGSTIRFEDDLIKRALQYSPSYGIPELLS,69
P50544,DILRLFVALQGCMDKGKELTGLGNALKNPFGNV,483
P14152,EGMERKDLLKANVKIFKSQGTALEKYAKKSVKV,110
Q9CQE1,KYDNFAHRTAVRKALAKDKEWQERFLIPNLAFI,105
Q8BMS1,RGQQQVFKGLNDKVKKKALTSFERDSIFSNLIG,415
Q9CZU6,NQEVLVWLTQLQKEVGKDVSDEKLRDYIWNTLN,321
Q8K2B3,HAREDYKVRVDEYDYSKPIQGQQKKPFGEHWRK,608
Q61425,PMMKLVEVIKTPMTSQKTFESLVDFCKTLGKHP,192
Q9EP89,KEKGGKNNEKSDAPKAKVEQDSEARCRSAKPGK,270
P38647,EGIVTDLIKRTIAPCQKAMQDAEVSKSDIGEVI,368
Q07417,LALESARLLTWRAAMLKDNKKPFTKESAMAKLA,335
P9WPE7,NVAAGANPLGLKRGIEKAVEKVTETLLKGAKEV,121
Q9CQ62,TLGAQCVIASRNIDVLKATAEEISSKTGNKVHA,97
P13745,LLKAFKSRISSLPNVKKFLQPGSQRKPPMDAKQ,196
Q9DB20,PYIKRTVKVKSLNDITKREKFSPLTANLMNLLA,97
P32020,FMKPGGENSRDYPDMAKEAGQKALEDAQIPYSA,40
Q99J08,VSFTVEVLLPDKAAEEKMNQQGADTPKXXXXXX,393
P08249,LATLTGRIQEAGTEVVKAKAGAGSATLSMAYAG,239
Q9DCY0,CLQSSQALQVLENSLRKHLPESLKVYGTVFHIN,19
Q8CHT0,KEWDLKPMADRAQVFLKAADMLSGPRRAEVLAK,129
Q61425,TVVLVDQTEDILAKSKKGIEESLKRMAKKKFTE,68
Q8K4F5,HSQARKLADKQLSSVVKEAGIRQFLLTNLVEVG,203
Q8C196,FGISTGNIITGLAAGAKSYKMSMANRGQNQPVL,307
Q9D6Y7,MEAALRSKEEYQKVLSKHNFGPITTDIREGQVF,183
Q61425,PYLIEAVRLHERGDASKEDIDTAMKLGAGYPMG,241
Q8CFA2,PSPSLKKNVAMGYVPFKYSRPGTQLLVEVRRKQ,368
P9WN51,GWRKDAFFGRAALLAEKAAGPRRLLRGLRMVGR,278
Q8C196,SLIKKGKGTTITSVLPKPALVASRVEVSKVLIL,412
P50544,FVVERSFGGVTHGLPEKKMGIKASNTSEVYFDG,299
Q99JY0,SAMLIMSEDRALAMGYKPKAYLRDFIYVSQDPK,333
P9WPR9,DPSIARAVATAEAIARKPVEGSLGTPPRLTQXX,367
P97807,LKRAAAEVNQEYGLDPKIASAIMKAADEVAEGK,112
Q9CQE1,DNFAHRTAVRKALAKDKEWQERFLIPNLAFIDK,107
Q99LB7,GYIRDPSGGPVSLDFVKNGEYALERMGVTYAAQ,885
Q9WTP7,SGKGTVSSRITKHFELKHLSSGDLLRQNMLQGT,34
P11725,QYMLWLSADLKFRIKQKGEYLPLLQGKSLGMIF,70
Q5RKZ7,THVDSAGRASMVDVGGKPETERVAVASAMVLLG,499
Q8VCW8,TQQYYDILKQVCPELEKAQPGALKSERLPDLTT,199
P97807,GTAVGTGLNTRIGFAEKVAAKVAALTGLPFVTA,289
Q9DBT9,TDDVDPEGNESIWYKGKVVGNTTSGSYSYSIQK,788
P38647,MAEGIIHDTETKMEEFKDQLPADECNKLKEEIS,600
Q9CZU6,WLTQLQKEVGKDVSDEKLRDYIWNTLNSGRVVP,327
Q9WVM8,WIKVKGISDTKQLIEEKAIEREVLLVPGNGFFI,373
Q99LC5,VGISGAIQHLAGMKDSKTIVAINKDPEAPIFQV,294
P32020,KEIEKKLEEEGEQFVKKIGGIFAFKVKDGPGGK,454
P11725,KRLQAFQGYQVTMKTAKVAASDWTFLHCLPRKP,292
Q8C196,EGIHTAFLKAMLSTGFKIPQKGILIGIQQSFRP,1356
Q64433,QGKVLQATVVAVGSGGKGKSGEIEPVSVKVGDK,54
Q8C196,NGGAPDTTARDELGLNKYMESDGIKVAGLLVLN,119
Q9DBT9,PARARLQKDGKKTNLEKGPSRTTKLXXXXXXXX,861
Q99K67,LLDEVLKQEIRLIDYEKMVDHRGSRIVAFGQWA,138
P70694,EFQLTSEDMKVLDDLNKNIRYISGSSFKDHPDF,301
P00015,NPKKYIPGTKMIFAGIKKKSEREDLIKYLKQAT,87
Q8R0F8,LCLDMTARDVQEECKKKGLPWTLAKSFTSSCPV,118
Q61176,EKGPAALRKAGLLEKLKETEYDVRDHGDLAFVD,41
Q99K67,HLVRKTDGVYDPVEYEKYPERYTSRFNTDIAPY,286
Q9D172,AGTAEAIKALGAKHCVKGVTEAHVDQKNKVVTT,221
P54869,SLARLMFNDFLSSSSDKQNNLYKGLEAFRGLKL,327
Q9CQ62,KTKGAFSRLDPTGRFEKEMIDRIPCGRLGTMEE,260
O55125,EPQPRAGPNIYELRTYKLKPGTMIEWGNNWARA,191
Q8BJ64,LSREIFAQEALAPFRGKELQPGSHVQSDKEIDA,486
P25688,GFEGFLKDQFTTLPEVKDRCFATQVYCKWRYQR,185
Q8CHT0,NRAIDAALAARKEWDLKPMADRAQVFLKAADML,118
Q99MZ7,LKNQVAVVTGGGTGIGKAVSRELLHLGCNVVIA,32
Q8C196,TPRLPMNKEWPANLDLKKELSEPSSTRIYAIAK,840
Q9DB20,GGMIVRIGEKYVDMSAKSKIQKLSKAMREMLXX,199
Q8BMS1,AGYLAESQKFGELALTKESKALMGLYNGQVLCK,334
P05202,ACAHNPTGVDPRPEQWKEIASVVKKKNLFAFFD,227
Q99LC5,CLVAGTKCDKVVQDLCKVAGVAKVLVAQHDAYK,69
P50544,LDQFATVVEAKLVKHKKGIVNEQFLLQRLADGA,557
Q8R4N0,KYVPRRAVLYVPGNDEKKIRKIPSLKVDCAVLD,55
Q8BGA8,PRKVAFISELPKTVSGKILRSKLRNQEWGRXXX,565
Q99KI0,PRSDFDPGQDTYQHPPKDSSGQRVDVSPTSQRL,549
Q99L13,AMNLGIRSGLDPKLLAKILNMSSGRCWSSDTYN,241
Q9DB20,KLDQVEKELLRVGQLLKDPKVSLAVLNPYIKRT,70
P51660,KGGKAVANYDSVEAGEKLVKTALDTFGRIDVVV,81
P30115,TKAILNYIASKYNLYGKDMKERAIIDMYTEGVA,84
P08249,EKMIAEAIPELKASIKKGEDFVKNMKXXXXXXX,329
P97807,FRVEFDTFGELKVPTDKYYGAQTVRSTMNFKIG,63
P32020,VKDGPGGKEATWVVDVKNGKGSVLPNSDKKADC,479
Q9JLJ2,YRGGARVEPVDASGTEKAFEPATGRVIATFACS,30
Q9DB15,KEIKNYVQGINLVQAKKLVESLPQEIKANVAKA,166
Q9DCM2,FQVPLNIPKDFFGETVKKGSINAMRFLTTVSME,93
Q99MN9,FVEHRCADFGMAADKNKFPGDSVVTGRGRINGR,103
Q9DCX2,AKPGLVDDFEKKYNALKIPVPEDKYTALVDQEE,78
P11725,ARVLSSMTDAVLARVYKQSDLDTLAKEASIPIV,144
O08749,KHSAVKALTGGIAHLFKQNKVVHVNGFGKITGK,143
Q8QZS1,RDVHRAGIATHFVDSEKLRVLEEELLALKSPSA,220
P54869,FRGLKLEETYTNKDVDKALLKASLDMFNQKTKA,354
Q60597,AWCQEEHKNQGYYDYVKPRLRTTIDRAKPVWYA,970
Q80X68,VGQITVDMMYGGMRGMKGLVYETSVLDPDEGIR,76
Q8C196,WFLYKMRDILNMDKTLKGLNSDSVTEETLRKAK,892
Q9WTP7,LIQREDDKPETVIKRLKAYEAQTEPVLQYYQKK,174
Q9DCM2,QAQHFLEKISTQQVKNKLIENTDAACKYGAFGL,167
Q9Z2Y8,PNLSMLETVDSVKLADKVNSSWQKKGPTEPLKV,125
O55125,GGYPALMDCMNKLKNNKEYLEFRKERSKMLLSR,146
Q9CQR4,KVTLVSAAPEKLICEMKVEEQHTNKLGTLHGGL,43
Q9WUR2,SQQDFENALNQVKLLKKDPGNEVKLRLYALYKQ,53
P46656,KITVHFKNRDGETLTTKGKIGDSLLDVVIENNL,86
P38647,ATKRLIGRRYDDPEVQKDTKNVPFKIVRASNGD,135
Q9CQR4,VMKVMFKVPGFDRVLEKVTLVSAAPEKLICEMK,27
Q9D1I5,VMDLKKKKIRSLSDEAKIGAHGKPVIFLHPKDC,152
Q9QXF8,GCAPPGKNIYYKSDLTKDITTSVLTVNNKAHMV,201
P16460,LEIEFKKGVPVKVTNIKDGTTRTTSLELFMYLN,239
P9WIY3,NKLDYAQDRKVLCRFAKHPADTQTVLVVRHGTA,148
P16460,EDFEEARKKALKLGAKKVFIEDVSKEFVEEFIW,58
Q8QZS1,MEGHDFHEGVRAVLIDKDQTPKWKPANLKDVTD,352
Q9R0H0,EDYNFLTRSQRYEVAVKKSATMVKKMREFGIAD,65
O35490,KLENRGNYVAEKISGQKVNEAACDIARQVADEG,98
P51174,MFEETRNYVKQRKAFGKTVAHIQTVQHKLAELK,322
Q9DBM2,PSDYLRRLVAQGSPPLKEWQSLAGPHSSKLXXX,705
P11679,ETMYQIKYEELQTLAGKHGDDLRRTKTEISEMN,301
Q9D172,KWPYAGTAEAIKALGAKHCVKGVTEAHVDQKNK,217
Q9EP89,EQDSEARCRSAKPGKKKNDFEQGELYLKEKFEN,288
Q8BWF0,SEEARRIYGDIIYTSAKDKRGLVLKQPVGVAAI,172
Q9DCS3,VLTEEELRMPETKTIFKDLPLPRLALNCVGGKS,252
P32020,APTSSAGDGFKANLVFKEIEKKLEEEGEQFVKK,438
Q9D172,GGFGAAKNLSTFAVDGKDCKVNKEVERVLKEFH,149
P51660,LGGDFKGIGKGSSAADKVVAEIRRKGGKAVANY,57
P05202,NMGLYGERVGAFTVVCKDAEEAKRVESQLKILI,296
Q9D172,GAKHCVKGVTEAHVDQKNKVVTTPAFMCETALH,231
P9WMJ9,VKRHMGSDWSIEIDGKKYTAPEISARILMKLKR,85
Q9DBT9,RKYGALLKYPAPVTSLKPRPDGTWDVETPQGSV,216
Q9Z2I8,QRFFVANTAKEALEAAKRLNAKEIVLKAQILAG,74
P25688,VDFEAIWGAVRDIVLQKFAGPYDKGEYSPSVQK,220
Q8BWF0,IPAGVYNVIPCSRNKAKEVGEVLCTDPLVSKIS,253
P52196,SVNMPFMDFLTKDGFEKSPEELRAIFQDKKVDL,224
P9WGT3,ALDERIQQGALQFIPAKRVGTPAEVAGVVSFLA,209
P54071,WTKPITIGRHAHGDQYKATDFVVDRAGTFKLVF,180
Q9EQ20,SILSRQQVLLRYQQLIKENLKEIARLITLEQGK,113
Q8QZT1,SRQEQDTYALSSYTRSKEAWDAGKFASEITPIT,220
P52196,XXXMVHQVLYRALVSTKWLAESIRSGRLGPSLR,14
Q8C196,MCHPSVDGFTPRLPMNKEWPANLDLKKELSEPS,831
P10648,KDRTKNRYLPAFEKVLKSHGQDYLVGNRLTRVD,141
Q9CQ62,RYGMRFNIIQPGPIKTKGAFSRLDPTGRFEKEM,246
P9WM53,FADQPYWGRPVPGWGSKRPRLLILGLAPAAHGA,94
Q9CQ62,WGRYGMRFNIIQPGPIKTKGAFSRLDPTGRFEK,244
Q3TC72,GLNYADHCQEQNVRVPKSPIIFSKFSSSIVGPY,128
P9WH37,VAEQLSNRVAFRRAMRKAIQSAMRQPNVKGIRV,135
Q8C196,AQPLIQNVKKILESDRKEPLFGISTGNIITGLA,287
Q8R4N0,WAEELIAAFKEHQQLGKGAFTFRGSMIDMPLLK,307
O08749,IEFKIGKFPFAANSRAKTNADTDGMVKILGHKS,430
P24270,GEAVYCKFHYKTDQGIKNLPVGEAGRLAQEDPD,243
Q9CZU6,AQLIWSRALGFPLERPKSMSTDGLMKFVDSKXX,450
Q8C5H8,SPADGGFRPSRVVVVAKTTRYEFEQQRYRYAEL,64
P01942,XXXXXMVLSGEDKSNIKAAWGKIGGHGAEYGAE,12
Q9DCW4,QRSAGVKVETTEDLVAKLKEVGRIXXXXXXXXX,248
Q99KI0,FNPETDFLTGKDGKKFKLEAPDADELPRSDFDP,523
Q8QZT1,NVPYVMSRGATPYGGVKLEDLIVKDGLTDVYNK,171
O08749,FQRILQRQGFKFKLNTKVTGATKKSDGKIDVSV,277
Q8R3F5,HSNVSGQKYTHPQHIRKLLGQQVVSPVKWEQTM,312
Q8CHT0,SACSRLYVPKSLWPQIKGRLLEEHSRIKVGDPA,364
Q8BMS1,KDTTVTGLGRGQQQVFKGLNDKVKKKALTSFER,406
Q8BMS1,VDKMQLLEIITTDKTSKDTTASAVAVGLRQGKV,519
P08249,VTTLDIVRANTFVAELKGLDPARVNVPVIGGHA,185
O88986,AHKYRYRHLDMADLEAKLKEAQKHRLRLVATDG,184
Q07417,AVKYAENRNAFGAPLTKLQNIQFKLADMALALE,306
Q8QZT1,LGTAAIQGAIEKAGIPKEEVKEVYMGNVIQGGE,80
Q99K67,LCDLVGISRSSPCEKLKEVVFTKLGGDNTQLEA,780
Q8CHT0,ATRMLRNAAGNFYINDKSTGSVVGQQPFGGARA,508
P61922,GAFHGRTMGCLATTHSKAIHKIDIPSFDWPIAP,231
Q9CZU6,SASSTNLKDVLSNLIPKEQARIKTFKQQHGKTV,43
Q9DBM2,SPPLKEWQSLAGPHSSKLXXXXXXXXXXXXXXX,717
Q8BWT1,XXXXMALLRGVFIVAAKRTPFGAYGGLLKDFSA,13
P54869,DVQYMIFHTPFCKMVQKSLARLMFNDFLSSSSD,310
Q9DBT9,HAAGLTTYFHPGINLKKIHYDSIKLYERLEEET,100
P08249,CTYFSTPLLLGKKGLEKNLGIGKITPFEEKMIA,301
Q99JY0,LSDIVPFKVPGKDTVTKDNGIRPSSLEQMAKLK,278
Q8C196,TAFLKAMLSTGFKIPQKGILIGIQQSFRPRFLG,1360
Q922B1,PLAMAAKVDLSTSTDWKEAKSFLKGLSDKQREE,94
Q9DBL1,QLTFENVKVPETNILGKIGHGYKYAIGSLNEGR,278
Q9D0S9,RGNAGVSDGSEVAKAQKAAPGGASPTIFSRILD,45
O35459,VIGNQSLVNELTFSARKMMADEALDSGLVSRVF,230
Q9DCM2,GNQPPAMVPRKGQYIFKEIPLLKQFFQVPLNIP,68
O08756,AVLLDVPDSEGESQAKKLGESCIFAPANVTSEK,53
P9WP75,TLEENQKVEFEIGHSPKGPQATGVRSLXXXXXX,57
Q8BWT1,QHVKLPMGMTAENLAAKYNISREDCDRYALQSQ,171
Q99JY0,VVEGVRIPFLLSGTSYKDLMPHDLARAALSGLL,73
Q91XE0,QIKHSENILYVSSETIKKLFPSLLDTKNLSTGS,141
P42125,ECLTEFTISLEKLENDKSIRGVILTSECPGIFS,76
P45952,RCSDTRGIAFEDVRVPKENVLIGEGAGFKIAMG,259
P10853,XXXXXXXXXXXMPEPAKSAPAPKKGSKKAVTKA,6
Q8BGA8,SNGACIFVHELPRVDAKTILNTLCRFPITTLCC,302
Q9DBM2,TSTLEKEASKSGQASAKPNLRFSSSTKELSSVD,355
Q91ZA3,QAMGDKIESKLLAKRAKVNTIPGFDGVVKDADE,184
Q9WTP7,GIDDLTGEPLIQREDDKPETVIKRLKAYEAQTE,165
P16460,IAQREGAKYVSHGATGKGNDQVRFELTCYSLAP,121
Q8C5H8,ASYYEISVDDGPWEKQKSSGLNLCTGTGSKAWS,314
Q8BK48,PSVGRALKARRLQFWTKTLPQKIQELKGSQERH,540
Q3UEG6,AIHKQHLSPVDTAYFRKPLLLHQGHMEWLFDSE,83
Q9R0H0,AHCHYVTVKVFADKLPKIQDRAVQAVLRNLCLL,545
Q8K2B3,EHWRKHTLSYVDIKTGKVTLEYRPVIDKTLNEA,636
Q64433,XXXXXXXXXMAGQAFRKFLPLFDRVLVERSAAE,8
Q9JLJ2,LTQGQVCCNGTRVFVQKEIADKFINEVVKQTQK,298
Q9WTP7,QGTEIGVLAKTFIDQGKLIPDDVMTRLALHELK,64
Q9D6R2,AKESMDKNKMGLKGPLKTPIAAGHPSMNLLLRK,100
P97450,LKQMYGKGEMDTFPTFKFDDPKFEVIDKPQSXX,94
P05201,VGKESDSVLRVLSQMEKIVRITWSNPPAQGARI,290
Q03265,GLSVSRVGSAAQTRAMKQVAGTMKLELAQYREV,427
P08249,ANPVNSTIPITAEVFKKHGVYNPNKIFGVTTLD,157
Q8R164,RPPDRDFPRDFFERDAKDAVDLMKALQFKQVSL,119
O35490,NCHFDPSVSLQTVKLMKEGLEAARLKAYLMSQP,232
P11725,GYEPDPNIVKLAEQYAKENGTKLSMTNDPLEAA,238
P9WPE7,TLVVNKIRGTFKSVAVKAPGFGDRRKAMLQDMA,275
P52825,STRIPKPSRDELFTDTKARHLLVLRKGHFYVFD,239
P05202,ERVGAFTVVCKDAEEAKRVESQLKILIRPLYSN,302
P30115,KKFLQPGSQRKPFDDAKCVESAKKIFSXXXXXX,211
P50136,WWDEEQEKAWRKQSRKKVMEAFEQAERKLKPNP,386
Q8BWT1,AGYFNEEMAPIEVKTKKGKQTMQVDEHARPQTT,212
P54869,PGSPLEKLVSSVSDLPKRLDSRRRMSPEEFTEI,447
Q91VA0,GCMRTGIIFMPGTTQLKAKDILYRIQISRAKAI,142
Q9JLZ3,AQTISTKDRLEGLLAFKEKRPPRYKGEXXXXXX,304
P9WPE7,NSDSDYDREKLQERLAKLAGGVAVIKAGAATEV,369
P56480,EGLVRGQKVLDSGAPIKIPVGPETLGRIMNVIG,133
Q8C196,RSAYALGGLGSGICPNKETLIDLGTKAFAMTNQ,603
Q9DCY0,DLDHYNNTYLVYSKDPKHCQEFLGSSEVINWKQ,83
Q8R0F8,YALCLDMTARDVQEECKKKGLPWTLAKSFTSSC,116
Q9QXF8,HRNYDYILSTGCAPPGKNIYYKSDLTKDITTSV,191
Q9DBL1,VKVPETNILGKIGHGYKYAIGSLNEGRIGIAAQ,284
Q9DBM2,SFARVGIPVVAVESDPKQLDTAKKIITSTLEKE,329
P48962,DCWRKIAKDEGANAFFKGAWSNVLRGMGGAFVL,272
Q64374,RVIRLDPETGKRLQTVKLPVDKTTSCCFGGKDY,239
Q8QZT1,AALVLMTAEAAQRLNVKPLARIAAFADAAVDPI,304
P32020,ALMTGKMNPQSAFFQGKLKIAGNMGLAMKLQNL,522
Q9DCS3,GADYVLTEEELRMPETKTIFKDLPLPRLALNCV,248
Q3TC72,GPALVTKDTIADPHNLKICCRVNGEVVQSSNTN,233
Q9WTP7,LKAYEAQTEPVLQYYQKKGVLETFSGTETNKIW,189
Q61425,EESLKRMAKKKFTENPKAGDEFVEKTLSCLSTS,87
Q99LC5,DTFVRTIYAGNALCTVKCDEKVKVFSVRGTSFE,158
P63038,ISDAMKKVGRKGVITVKDGKTLNDELEIIEGMK,202
P63038,TLVLNRLKVGLQVVAVKAPGFGDNRKNQLKDMA,301
Q9D7B6,ESDIYVVMCRTGGSGAKGISCIVVEKGTPGLSF,211
Q8QZT1,DVVVKEDEEYKRVDFSKVPKLKTVFQKENGTIT,260
Q9CZU6,VLSNLIPKEQARIKTFKQQHGKTVVGQITVDMM,52
Q8QZT1,DVYNKIHMGNCAENTAKKMNISRQEQDTYALSS,199
P38647,MKLTRAQFEGIVTDLIKRTIAPCQKAMQDAEVS,360
Q64433,KGKSGEIEPVSVKVGDKVLLPEYGGTKVVLDDK,70
Q99LP6,YKRALADTENLRQRSQKLVEEAKLYGIQGFCKD,94
A2ATU0,PGTAFKPVIGDSSVDPKNVKTLIFCSGKHFYAL,801
P38647,RLIGRRYDDPEVQKDTKNVPFKIVRASNGDAWV,138
Q8BWT1,SREDCDRYALQSQQRWKAANEAGYFNEEMAPIE,191
O08756,CAGIAVAIKTYHQKKNKIHTLEDFQRVINVNLI,107
Q8C196,DTEYLFDSFFSLIKKGKGTTITSVLPKPALVAS,402
Q8QZR3,DHIIKNITRETLPAVLKNTAARMMLPPECSHLL,372
P11725,EYLPLLQGKSLGMIFEKRSTRTRLSTETGFALL,88
Q99MZ7,IRKEEEVSNLVKSTLAKYGKINFLVNNGGGQFM,97
P9WPE9,GEALATLVVNAIRKTLKAVAVKGPYFGDRRKAF,270
Q99JY0,QDPKDQLLLGPTYATPKVLEKAGLTMNDIDAFE,362
Q8BMS1,PCLGGPFRFVDLYGAQKVVDRLRKYESAYGTQF,728
Q8R4N0,DGVAENKKNEARLRIAKTLEDFDLGTTEKCVRI,90
P9WPE7,LEDPYILLVSSKVSTVKDLLPLLEKVIGAGKPL,229
Q8C196,TKFVEGAREVEMDAVGKEGRVISHAISEHVEDA,1183
Q9CPY7,TADMTKGLVLGIYAKDKDDDLPQFTSAGESFNK,45
Q8QZT1,DAGKFASEITPITISVKGKPDVVVKEDEEYKRV,240
P42125,KVGVVDEVVPEDQVHSKARSVMTKWLAIPDHSR,222
Q8K2B3,VIALCIEDGSIHRIRAKNTVIATGGYGRTYFSC,250
Q8BWT1,RPQTTLEQLQKLPSVFKKDGTVTAGNASGVSDG,240
Q5FW57,VYGTVFHMNQGNPFKLKALVDKWPDFNTVVVRP,43
O08749,GPGGYVAAIKSAQLGFKTVCIEKNETLGGTCLN,66
P24270,CENIAGHLKDAQLFIQKKAVKNFTDVHPDYGAR,476
P05202,PYVLPSVRKAEAQIAAKNLDKEYLPIGGLAEFC,90
Q3TLP5,LFRSAVKGVFCAGADLKEREQMSDVEVGTFVQR,101
Q8K4F5,FLHGLFGSKTNFNSLAKAMVQRTGRRVLTVDAR,79
P24270,NSANEDNVTQVRTFYTKVLNEEERKRLCENIAG,449
Q8C196,QNLIAEVSTKDVKVFGKGNPTKVVAVDCGIKNN,214
Q3UUI3,LSVVVVNSQLQKIEGRKLFVSCTIQSIDEKTLY,197
P00329,IEDIEVAPPKAHEVRIKMVATGVCRSDDHVVSG,40
O55137,LAPEQPVTLRSVLRDEKGALFRAHARYRADSHG,42
P42125,IKQREADIQNFTSFISKDSIQKSLHMYLEKLKQ,270
P47738,VNPSTGEVICQVAEGNKEDVDKAVKAARAAFQL,75
P05202,PEQVERLTKEFSVYMTKDGRISVAGVTSGNVGY,404
P97807,ISNRAIEMLGGELGSKKPVHPNDHVNKSQSSND,170
Q99LB2,TALLGLTKNFAAELAPKNIRVNCLAPGLIKTRF,204
Q9DB15,KKLVESLPQEIKANVAKAEAEKIKAALEAVGGT,181
P26443,VVPTAEFQDRISGASEKDIVHSGLAYTMERSAR,503
Q91XE0,PSLLDTKNLSTGSGKPKAIDQDKFKLSSLDVVH,161
O35490,FPFGLEPRVATRWDIQKYAREAYNLGVRYIGGC,283
Q99KI0,IAGTLKFNPETDFLTGKDGKKFKLEAPDADELP,517
P9WPE7,KRGIEKAVEKVTETLLKGAKEVETKEQIAATAA,132
P54869,YVDQTDLEKFNNVEAGKYTVGLGQTRMGFCSVQ,83
Q91W43,RGYVAHEFILDTRPFKKSANVEAVDVAKRLQDY,877
P10853,LLLPGELAKHAVSEGTKAVTKYTSSKXXXXXXX,117
Q80XN0,LVFAGCLMKDKGDAGVKELDSLKSDRLRTIQLN,97
P11725,NVLITDTWISMGQEDEKKKRLQAFQGYQVTMKT,274
Q99K67,QLSKKYNINPVSLTVGKQEAKLQSLVESQDLVI,535
P54869,INSLCLTVVQRLMERTKLPWDAVGRLEVGTETI,118
Q03265,VISQHQSLLGNIRSDGKISEQSDAKLKEIVTNF,531
P12710,ECELETMTGEKVKAVVKLEGDNKMVTTFKGIKS,84
Q9QZA0,SLTTPPLSESVTWIIKKQPVEVDRDQLEQFRTL,249
P52760,XXXXMSSIIRKVISTTKAPAAIGPYSQAVQVDR,13
Q99K67,RKVYGTVLSRHHHLVRKTDGVYDPVEYEKYPER,274
Q99L13,AVEVYSGANGILKKVKKGSLLIDSSTIDPSVSK,124
Q8BMS1,FDMMLTGRNIRADRAKKMGLVDQLVEPLGPGIK,214
P42125,VVPEDQVHSKARSVMTKWLAIPDHSRQLTKNMM,229
P45952,VAPEYDKSGEYPFPLIKRAWELGLINAHIPESC,79
P05202,NGARIAATILTSPDLRKQWLQEVKGMADRIISM,338
P26443,KMVEGFFDRGASIVEDKLVEDLKTRESEEQKRN,84
Q9WTP6,TGDMLRAMVASGSELGKKLKATMDAGKLVSDEM,62
Q99KI0,DGKDLEDLQILIKVKGKCTTDHISAAGPWLKFR,591
Q99MN9,DMFVEHRCADFGMAADKNKFPGDSVVTGRGRIN,101
Q03265,ELLGRVVDALGNAIDGKGPIGSKTRRRVGLKAP,161
Q9JLZ3,DIRVAASSAKMGLVETKLAIIPGGGGTQRLPRA,186
Q03265,IDTIINQKRFNDGTDEKKKLYCIYVAIGQKRST,239
O55125,QPRAGPNIYELRTYKLKPGTMIEWGNNWARAIK,193
Q8C196,PRLPMNKEWPANLDLKKELSEPSSTRIYAIAKA,841
Q8QZT1,RGATPYGGVKLEDLIVKDGLTDVYNKIHMGNCA,178
Q9EQ20,QRCMALSTAILVGEAKKWLPELVDRAKNLRVNA,331
P47738,IAKEEIFGPVMQILKFKTIEEVVGRANDSKYGL,430
Q8QZT1,KLEDLIVKDGLTDVYNKIHMGNCAENTAKKMNI,187
P00329,FKSKDSVPKLVADFMAKKFPLDPLITHVLPFEK,339
A2ATU0,KHFYALLKQRESLGTKKHDFAIIRLEELCPFPL,828
Q9DB20,VSLAVLNPYIKRTVKVKSLNDITKREKFSPLTA,90
P35486,EEIQEVRSKSDPIMLLKDRMVNSNLASVEELKE,321
Q8QZT1,PIDFPLAPAYAVPKVLKYAGLKKEDIAMWEVNE,335
P56382,KAVRDALKTEFKANAEKTSGSSIKIVKVSKKEX,37
Q8QZS1,EQDPDTFLIIIKGAGGKAFCAGGDIKALSEAKK,91
Q91VA0,AEHPAVAESAVVSSPDKDRGEVVKAFIVLNPEF,501
O08749,KQNKVVHVNGFGKITGKNQVTATKADGSTQVID,159
Q3ULD5,SQLHERAQYVRLGGSEKARARHTSRGKLLPRDR,70
Q8BJ64,DIQFHFLPSQVIDHGRKPTQQEAYQVHVGTMRA,415
Q8BMS1,KESKALMGLYNGQVLCKKNKFGAPQKNVQQLAI,350
Q9WU19,TSLPIVVKGILRGDDAKEAVKHGVDGILVSNHG,245
Q9DBT9,YFHPGINLKKIHYDSIKLYERLEEETGQVVGFH,107
P08249,PLLLGKKGLEKNLGIGKITPFEEKMIAEAIPEL,307
Q9DB77,AEQFLNMRGGLGLAGAKAKYRGGEIREQNGDNL,250
Q8K4Z3,KLFGYQPTIYYPKRPNKPLFTGLVTQCQKMDIP,142
Q9CZS1,DKEQFERILGYIRLGQKEGAKLLCGGERLGERG,381
Q9D023,RATYHRLMDKVELLLPKKLRPLYNHPAGPRTVF,26
Q8CHT0,EYGGQKCSACSRLYVPKSLWPQIKGRLLEEHSR,357
P11725,AKVAASDWTFLHCLPRKPEEVDDEVFYSPRSLV,307
Q9DBM2,SDPVEEAIKFAQTVIGKPIEPRRILNKPVPSLP,189
Q8C196,DLDRFHGTSSRIGSSMKSVGEVMAIGRTFEESF,793
Q9DCY0,SDLGKVIESLGATNLGKVKHKQCFLYMVCQTAK,124
P45952,YFLLARSNPDPKVPASKAFTGFIVEADTPGIHI,217
Q9WUR2,ALNQVKLLKKDPGNEVKLRLYALYKQATEGPCN,60
Q9D273,NRLSDYLFTVARYAAMKEGSQEKIYKKHDVXXX,224
Q8C196,TLRKAKEIGFSDKQISKCLGLTEAQTRELRLKK,919
Q8C196,FIDVATKVMIGESIDEKRLPTLEQPIIPSDYVA,1291
P51174,GMKGFIKGRKLHKMGMKAQDTAELFFEDVRLPA,254
Q8K370,DGPDEVHQLTVAKMELKNQSRMQEPAVPRVXXX,1056
Q91Z53,VGAHGLLCRLSDRVDKKLLDAAGANLRVISTLS,66
P9WPE7,XXXXXXXXXXXXXXMAKTIAYDEEARRGLERGL,3
Q9WUR2,PCNMPKPGMLDFVNKAKWDAWNALGSLPKETAR,90
Q9CZN7,LIFYRKGVRTVDPKTGKEIPYTFEDRINFAVFP,305
Q8BMS1,LNSEMDNILANLRLPAKPEVSSDEDVQYRVITR,664
Q9DCS3,IFKDLKLRGFWLSQWKKNHSPDEFKELILTLCN,317
Q99KI0,MSHFEPSEYIRYDLLEKNINIVRKRLNRPLTLS,50
Q5FW57,HLRSSQMLQMLESSLRKYLPESLKVYGTVFHMN,19
P05202,SKKMNLGVGAYRDDNGKPYVLPSVRKAEAQIAA,73
O08749,YTHPEVAWVGKSEEQLKEEGIEFKIGKFPFAAN,410
Q8K2B3,PSIKANAGEESVMNLDKLRFADGSIRTSELRLN,498
Q9JLZ3,EVPGIFCAGADLKERAKMHSSEVGPFVSKIRSV,123
P97807,VNQEYGLDPKIASAIMKAADEVAEGKLNDHFPL,119
Q8C196,LLTNFQVTKLFAEAVQKSRTVDSKSLFHYRQYS,1479
Q61425,KSKKGIEESLKRMAKKKFTENPKAGDEFVEKTL,81
P42125,QLTKNMMRKATADNLIKQREADIQNFTSFISKD,255
P9WPE5,ETTTASGLVIPDTAKEKPQEGTVVAVGPGRWDE,37
Q91Z53,NNLLAGLRGEAMPSELKLXXXXXXXXXXXXXXX,327
Q99JY0,QDEGHLSDIVPFKVPGKDTVTKDNGIRPSSLEQ,273
P52825,SSVSVQKLSFKLSSALKAGVTAAKEKFDATMKT,424
P45952,GKANWYFLLARSNPDPKVPASKAFTGFIVEADT,212
Q03265,LGNIRSDGKISEQSDAKLKEIVTNFLAGFEPXX,539
P25688,NYGKNDEVEFVRTGYGKDMVKVLHIQRDGKYHS,23
P05202,AYRDDNGKPYVLPSVRKAEAQIAAKNLDKEYLP,82
Q9DCS3,FKDLPLPRLALNCVGGKSSTELLRHLAPGGTMV,267
Q91ZA3,HNIPLLREVIINTRFVKGDISTKFLSDVYPDGF,492
P52760,VVEEAKQALKNLGEILKAAGCDFNNVVKTTVLL,67
Q8BWT1,QVDEHARPQTTLEQLQKLPSVFKKDGTVTAGNA,234
Q8K370,TSGILDPRCKLCVFMGKTDPQAPRHQQQSMLLV,843
Q99MZ7,PPSSSAEVSAIQCNIRKEEEVSNLVKSTLAKYG,83
Q64433,RSAAETVTKGGIMLPEKSQGKVLQATVVAVGSG,36
P24270,TDVHPDYGARIQALLDKYNAEKPKNAIHTYTQA,499
P9WPE9,TLVVNAIRKTLKAVAVKGPYFGDRRKAFLEDLA,275
Q8C196,ENNMSLDEIVRLTSIDKWFLYKMRDILNMDKTL,875
Q9DBF1,TKQAVSMFVRAVEEAKKQGGTVVYGGKVMDHPG,390
Q99LC5,AAGRLGGEVSCLVAGTKCDKVVQDLCKVAGVAK,59
P32020,AGDGFKANLVFKEIEKKLEEEGEQFVKKIGGIF,443
Q8BMS1,EEKVKKQTKGLYPAPLKIIDAVKAGLEQGSDAG,303
O55125,EGSWFRSLFVHKVDPRKDAHSTLLSKKETSNLY,56
Q8BMS1,PFVRQQVYKTVEEKVKKQTKGLYPAPLKIIDAV,292
P26443,ASEKQLTKSNAPRVKAKIIAEGANGPTTPEADK,399
Q9DB20,ASPLDDAVLSELKTVLKSFLSPNQILKLEIKTD,162
Q9DB20,ALYSAASKEKKLDQVEKELLRVGQLLKDPKVSL,60
Q8BH95,IVLTGGDKAFAAGADIKEMQNRTFQDCYSSKFL,101
Q8C5H8,IANRVFSSSRQRCFSSKVCVRSRCWDACMVVDG,407
O35215,DRIVIRFFPLEAWQIGKKGTVMTFLXXXXXXXX,110
Q9DB29,CDVLNRGFSGYNTRWAKIILPRLIRKGPGMENP,63
Q9WUR9,RLRRYKDAAKPVIELYKSRGVLHQFSGTETNRI,186
Q9DBF1,ARVRQASLKDYEETIGKAKKAWNIWADIPAPKR,94
P9WNP7,GRNRIVKSLERAVSAGKVTERERDRALGLLTFT,60
P10649,LKTIPEKMKLYSEFLGKRPWFAGDKVTYVDFLA,144
P38060,QALNRKTSSKVAQATCKLXXXXXXXXXXXXXXX,324
Q03265,EEQVAVIYAGVRGYLDKLEPSKITKFENAFLSH,498
Q8VCW8,ACIRLKSGETTTAEEIKAFCKGKISHFKIPRYI,570
Q64433,GSGGKGKSGEIEPVSVKVGDKVLLPEYGGTKVV,66
Q91VA0,MRTGIIFMPGTTQLKAKDILYRIQISRAKAIVT,144
Q925I1,LFVDEADAFLRKRATEKISEDLRATLNAFLHRT,423
Q8BMS1,RQQVYKTVEEKVKKQTKGLYPAPLKIIDAVKAG,295
Q99LB7,NLGLQPLATEARPTTEKSVPYQRTLKEEAQGAS,38
Q3UNX5,KSHDQEQLKKEIQEHVKKTTAPYKYPRKVEFIE,541
Q9JLZ3,LELALACDIRVAASSAKMGLVETKLAIIPGGGG,179
Q9CQE1,TFQMKPGGPALWGNAFKRAVNAHVELGYSTLVG,166
Q9DBL7,SHVTQSQVEKAWNLLQKRLPKAYQTRNXXXXXX,553
P97807,TDKYYGAQTVRSTMNFKIGGATERMPIPVIQAF,77
P05202,GVDPRPEQWKEIASVVKKKNLFAFFDMAYQGFA,234
Q99L13,KEAGEQVASSPAEVAEKADRIITMLPSSMNAVE,94
P12710,QKGKDIKGVSEIVHEGKKIKLTITYGPKVVRNE,46
Q9CQR4,KTLAFASVDLTNKTTGKLIAQGRHTKHLGNXXX,127
Q03265,IYVAIGQKRSTVAQLVKRLTDADAMKYTIVVSA,261
P9WPE7,REGLRNVAAGANPLGLKRGIEKAVEKVTETLLK,116
P26443,ELEDFKLQHGSILGFPKAKVYEGSILEADCDIL,363
Q61425,LVAQKKLGKKTGEGFYKYKXXXXXXXXXXXXXX,312
Q8BWT1,SDGAGAVIIASEDAVKKHNFTPLARVVGYFVSG,270
P97450,GKGEMDTFPTFKFDDPKFEVIDKPQSXXXXXXX,99
Q61425,TEDILAKSKKGIEESLKRMAKKKFTENPKAGDE,75
P63038,GKVGEVIVTKDDAMLLKGKGDKAHIEKRIQEIT,359
Q9EQ20,VPQSTKAEMDAAVESCKRAFPAWADTSILSRQQ,87
P10853,GELAKHAVSEGTKAVTKYTSSKXXXXXXXXXXX,121
Q8K2B3,LSIAESCRPGDKVPSIKANAGEESVMNLDKLRF,485
Q61425,AKSKKGIEESLKRMAKKKFTENPKAGDEFVEKT,80
P9WGE7,SKHHATYVKGANDAVAKLEEARAKEDHSAILLN,46
P51174,RKFFQEEVIPHHTEWEKAGEVSREVWEKAGKQG,81
Q9WTP7,MGAPGSGKGTVSSRITKHFELKHLSSGDLLRQN,29
Q8C196,VTEETLRKAKEIGFSDKQISKCLGLTEAQTREL,915
Q8QZT1,QPATKLGTAAIQGAIEKAGIPKEEVKEVYMGNV,75
Q8K2B3,GKIYQRAFGGQSLKFGKGGQAHRCCCVADRTGH,182
P9WPE9,HLRAEIDKSDSDWDREKLGERLAKLAGGVAVIK,362
P51881,VYPLDFARTRLAADVGKAGAEREFKGLGDCLVK,147
P52825,PIPKLEDTMKRYLSAQKPLLNDSQFRKTEVLCK,69
Q91VA0,TQCLAAPGVYRMVLQQKTSNLRFPTLEHCTTGG,324
P11679,KFASFIDKVRFLEQQNKMLETKWSLLQQQKTSR,123
P38647,FLGGEDFDQALLRHIVKEFKRETGVDLTKDNMA,288
P32020,FKEIEKKLEEEGEQFVKKIGGIFAFKVKDGPGG,453
P08249,SKETECTYFSTPLLLGKKGLEKNLGIGKITPFE,296
P9WHE3,IGVIKVVREIVSGLGLKEAKDLVDGAPKPLLEK,91
Q9EQ20,TVKLFIDGKFVESKSDKWIDIHNPATNEVVGRV,55
P38060,AKEVSVFGAVSELFTRKNANCSIEESFQRFAGV,137
Q9CQR4,XXXXMSSMTQNLREVMKVMFKVPGFDRVLEKVT,13
Q9CQE1,TYFLKPSKTNEFLENFKNSVHLRTAHSEMIGYW,57
Q9WVM8,LARKPSPIRTTADILSKAPKTLISLAPGSPNPS,28
O53773,RLVHDGLTAQQAARHAKGWNHFLDRLVVAGQRG,218
Q9D3D9,VTLDMLDLGAARANLEKAQSELSGAADEAARAE,136
P56480,ILVTGIKVVDLLAPYAKGGKIGLFGGAGVGKTV,198
Q8K2B3,EGCEKISQLYGDLKHLKTFDRGMVWNTDLVETL,550
Q8BGA8,MRTGVVMIPGVSQLTAKDLKYRLQAARAKSIVT,151
P09671,SPKGGGEPKGELLEAIKRDFGSFEKFKEKLTAV,122
P50544,TVFAKTPIKDAATGAVKEKITAFVVERSFGGVT,277
Q8CEI1,GGCGAMYEIKIESEEFKEKRTVQQHQMVNQALK,76
Q8BIJ6,MLHLIQDFATKITDSYKQYDFGKVVRLLKAFYT,775
P47738,FKKILGYIKSGQQEGAKLLCGGGAAADRGYFIQ,385
P52760,GQLVPGGVVEEAKQALKNLGEILKAAGCDFNNV,60
P05202,MADRIISMRTQLVSNLKKEGSSHNWQHITDQIG,363
Q99LB2,HVGKAEDREKLITTALKRHQGIDILVSNAAVNP,106
P51660,SSAADKVVAEIRRKGGKAVANYDSVEAGEKLVK,68
Q8BMS1,LGRKSGKGFYIYQEGSKNKSLNSEMDNILANLR,644
Q8C196,QTALNCGVELFKRGVLKEYGVKVLGTSVESIMA,527
Q8K2B3,VLQEGCEKISQLYGDLKHLKTFDRGMVWNTDLV,547
P63038,SANGDKDIGNIISDAMKKVGRKGVITVKDGKTL,191
Q9CQ62,SRNIDVLKATAEEISSKTGNKVHAIRCDVRDPD,106
P9WNN1,AQEFDEDAPVVRVSALKALEGDAKWVASVEELM,178
P47738,GPQVDETQFKKILGYIKSGQQEGAKLLCGGGAA,377
Q9CZN7,ALGSCLNNKYSEGYPGKRYYGGAEVVDEIELLC,103
P9WPE7,GANPLGLKRGIEKAVEKVTETLLKGAKEVETKE,125
P63038,GPKGRTVIIEQSWGSPKVTKDGVTVAKSIDLKD,72
Q8CHT0,SPFNHAHKVAKFCYADKALLNRAIDAALAARKE,98
Q8BTY1,IRFCFVKDKATLQAMDKRLCSWKGEPQAXXXXX,413
P9WK15,XXXXXXXXXXXXXXMTKPTSAGQADDALVRLAR,3
P26443,YHLLMSVQESLERKFGKHGGTIPVVPTAEFQDR,480
P9WND5,DDLAWIKSQWPGKLVVKGIQTLDDARAVVDRGV,277
P35486,MMQTVRRMELKADQLYKQKIIRGFCHLCDGQEA,83
O08749,VRLNLEKMMEQKHSAVKALTGGIAHLFKQNKVV,132
Q9D172,IKGVEVTVGHEQEEGGKWPYAGTAEAIKALGAK,201
Q8K2B3,TEDGKIYQRAFGGQSLKFGKGGQAHRCCCVADR,179
P32020,GEQFVKKIGGIFAFKVKDGPGGKEATWVVDVKN,464
Q91VA0,CTTGGESLLPEEYEQWKQRTGLSIHEVYGQSET,352
Q9DCY0,KVKHKQCFLYMVCQTAKKLAPSLMDAKNLVVSR,140
P25688,GYGKDMVKVLHIQRDGKYHSIKEVATSVQLTLR,36
Q8QZR3,EATDSEALIHCLRAKSKQEILAINQVFKMIPAV,296
P9WGV3,PGLMSLRREYAEVQPLKGARISGSLHMTVQTAV,60
P54869,FNDFLSSSSDKQNNLYKGLEAFRGLKLEETYTN,333
Q9EQ20,HNPATNEVVGRVPQSTKAEMDAAVESCKRAFPA,76
Q8C196,LSVKAKTAHIVLEDGTKMKGYSFGHPSSVAGEV,55
Q8BWT1,YFNEEMAPIEVKTKKGKQTMQVDEHARPQTTLE,214
Q8BMS1,PMMSEVMRILQEGVDPKKLDALTTGFGFPVGAA,569
P26443,AYTMERSARQIMRTAMKYNLGLDLRTAAYVNAI,527
Q8C196,DPNKQNLIAEVSTKDVKVFGKGNPTKVVAVDCG,210
Q9DBF1,RQASLKDYEETIGKAKKAWNIWADIPAPKRGEI,97
P9WI57,VVNVGDKLRVEIADIDKRGKISLILVADEDSTA,726
Q8K2B3,GRACALSIAESCRPGDKVPSIKANAGEESVMNL,480
Q8K4F5,EIPEKVPHSQARKLADKQLSSVVKEAGIRQFLL,196
P05202,MFCFTGLKPEQVERLTKEFSVYMTKDGRISVAG,396
P25688,SIKEVATSVQLTLRSKKDYLHGDNSDIIPTDTI,55
P32020,KIGGIFAFKVKDGPGGKEATWVVDVKNGKGSVL,470
Q9DCN1,CYFLHPPMPALLQLKEKEAGVVAQARSVLAWHS,263
Q8VCW8,LKQVCPELEKAQPGALKSERLPDLTTVISVDAP,206
Q07417,ESARLLTWRAAMLKDNKKPFTKESAMAKLAASE,338
P56382,KTEFKANAEKTSGSSIKIVKVSKKEXXXXXXXX,44
Q9CQR4,MSSMTQNLREVMKVMFKVPGFDRVLEKVTLVSA,17
Q8R164,IYQGIRDVSKWSEKARKPLEALYGYDYLAKTCE,191
P54869,KLEETYTNKDVDKALLKASLDMFNQKTKASLYL,358
P11725,LQAATPKGYEPDPNIVKLAEQYAKENGTKLSMT,231
Q78JN3,APSQGKRGADEKARESKDILVTSEDGITKITFN,62
Q99MZ7,AIQCNIRKEEEVSNLVKSTLAKYGKINFLVNNG,92
Q9DCY0,KVIESLGATNLGKVKHKQCFLYMVCQTAKKLAP,128
Q5FW57,MDKRGYPVYNHTEQTNKVIQKMSHTLHHVPMPC,270
P08249,GLEKNLGIGKITPFEEKMIAEAIPELKASIKKG,314
Q9WTP7,GEPLIQREDDKPETVIKRLKAYEAQTEPVLQYY,171
Q80XN0,LMKDKGDAGVKELDSLKSDRLRTIQLNVCNSEE,103
P51660,ALVIVNDLGGDFKGIGKGSSAADKVVAEIRRKG,50
P11725,EKKKRLQAFQGYQVTMKTAKVAASDWTFLHCLP,289
P38060,QVKIVEVGPRDGLQNEKSIVPTPVKIRLIDMLS,48
Q9D172,PIGLCCIAPVLAAKVIKGVEVTVGHEQEEGGKW,186
O35459,MLQTQDIIKSVQAAMEKRDTKSITFSKLXXXXX,316
P05202,PILGVTEAFKRDTNSKKMNLGVGAYRDDNGKPY,59
Q9DB20,EGRYATALYSAASKEKKLDQVEKELLRVGQLLK,54
Q9CQE1,SNGTFYEFRTYFLKPSKTNEFLENFKNSVHLRT,48
Q9R0H0,SPLNKTEVHESYYKHLKPLQSKLXXXXXXXXXX,655
Q91VR2,KGILYRTHSDQFLVSFKDVGRKPPTFGDASVIA,154
P9WNN1,RPSTTKTTVTGVEMFRKLLDQGQAGDNVGLLLR,266
