P05202,DPILGVTEAFKRDTNSKKMNLGVGAYRDDNGKP,58
Q8BFR5,CALEQRDPELGVKSVQKLLDAVDTYIPVPTRDL,238
P50136,LELFMSQCYGNVNDPGKGRQMPVHYGCKERHFV,184
Q925I1,NVLMYGPPGTGKTLFAKKLALHSGMDYAIMTGG,362
Q9WUM5,AEENAAAFLKEHNSGPKAKPVVSFIAGITAPPG,278
Q8BTY1,XXXXXXXXXXXXXXMSKQLQARRLEGIDHNPWV,3
P51660,AVRDNWEKICDFSNASKPQTIQESTGGIVEVLH,284
Q9DCX2,CAEFVSGSQLRIQEYEKQLEKMRNIIPFDQMTI,117
Q9QXE0,NSAEGSDRSEEQVSGAKVIAQALKTQDVEYMFG,21
O88986,LNHASIIDGIRLCKAHKYRYRHLDMADLEAKLK,170
Q61176,PNDSSFQIVKNPRSVGKANEELAGVVAEVQKNG,75
Q60597,AAQDPHKVKRLLFCTGKVYYDLTRERKARNMEE,907
E9Q816,PKGTPVIPLLTSVLLDKTQWETPSQFNPNHFLD,399
P12710,KGKDIKGVSEIVHEGKKIKLTITYGPKVVRNEF,47
Q8C196,VLSGSAMNVVFSEDEMKRFLEEATRVSQEHPVV,1149
O35490,RPYNPSMSRPDAWGVTKGAAELMQQKEATTEQQ,377
O35459,LAADISSKSPVAVQGSKINLIYSRDHSVDESLD,275
Q9DBM2,YYAASVGLPTVLEKLQKYYRQNPDIPQLEPSDY,676
Q99KI0,QGLKDFAPGKPLKCVIKHPNGTQETILLNHTFN,743
P48962,NGLGDCLTKIFKSDGLKGLYQGFSVSVQGIIIY,171
P9WPE9,EGIVPGGGASLIHQARKALTELRASLTGDEVLG,423
I6YBZ8,PLHSDPWFATQLAGFPKPILHGLCTYGVAGRAL,205
P10648,KPPLDAKQIEEARKVFKFXXXXXXXXXXXXXXX,221
Q99LC5,LDQKLTKSDRPELTGAKVVVSGGRGLKSGENFK,216
Q91ZA3,SQEAASSFGDDRLLIEKFIDNPRHIEIQVLGDK,258
Q8CFA2,PTATQVLQAGVTDDMKKLPFMTSAVMEVFGVSG,201
Q99L13,LAHQIYRMMCSKGYSKKDFSSVFQYLREEEPFX,320
P42125,NSLSLECLTEFTISLEKLENDKSIRGVILTSEC,71
Q9DCN1,EMISELHSSAAEGNVAKLAGILSHSPSLLNETS,27
Q8K370,IARSRVEIEQARLLVLKAAHLMDVAGNKTAALD,976
Q925I1,KSLYRNVLMYGPPGTGKTLFAKKLALHSGMDYA,357
P36552,RTLKEACDQHGPDIYPKFKKWCDDYFFIVHRGE,303
P16460,NIGQKEDFEEARKKALKLGAKKVFIEDVSKEFV,53
Q8C196,AFIAAKIALGIPLPEIKNVVSGKTSACFEPSLD,751
P48962,FKDKYKQIFLGGVDRHKQFWRYFAGNLASGGAA,107
Q99KI0,ATAQMAMLQFISSGLPKVAVPSTIHCDHLIEAQ,117
Q9DCM2,QVPLNIPKDFFGETVKKGSINAMRFLTTVSMEQ,94
Q9DB15,PQEIKANVAKAEAEKIKAALEAVGGTVVLEXXX,188
P9WPE9,STLGTELEFTEGIGFDKGFLSAYFVTDFDNQQA,195
Q9DBL1,EAGAGSDSFAMKTRADKSGNYYVLNGSKMWISH,194
P32020,VVGYDMSKEAARRCYEKSGLTPNDVDVIELHDC,291
P01942,SHHPADFTPAVHASLDKFLASVSTVLTSKYRXX,128
Q8BJ64,PQLLMLSGVGNADDLRKLDIPVVCHLPGVGQNL,320
P26443,DNELEKITRRFTMELAKKGFIGPGIDVPAPDMS,211
Q9JHI5,PNAGSDVVSMKLKAEKKGDHYVLNGNKFWITNG,184
A2ATU0,SQEERDWFARRFEELKKETFTTEERKYLSKLLL,156
Q9CZL5,FNQAFGFMSRVALQAEKMNHHPEWFNVYNKVQI,92
P10649,DTRMQLIMLCYNPDFEKQKPEFLKTIPEKMKLY,122
Q9JHI5,FWITNGPDADILVVYAKTDLTAVPASRGITAFI,211
Q71RI9,TITIGSAGKTFSVTGWKLGWSIGPAHLIKHLQT,289
P16460,GILENPKNQAPPGLYTKTQDPAKAPNSPDVLEI,209
Q9CZN7,NIGLEVKRKTAKLQDFKSFLLKDPETSQRLANL,469
Q07417,RNAFGAPLTKLQNIQFKLADMALALESARLLTW,313
Q3ULD5,KAREGKQFSSAEEAALKEPIIKRFEEEGNPYYS,506
Q8R123,LEAEGNMKQALGELQEKHPQLEAVLMGTRRTDP,382
P9WN51,FVNSALTNDLGRIGPGKAQYTLCCTESGGVIDD,86
P50136,GWWDEEQEKAWRKQSRKKVMEAFEQAERKLKPN,385
Q8R123,RLPQGSLVPYQPDAVEKAGEAVYKLAESGSCLG,266
P26443,CKGGIRYSTDVSVDEVKALASLMTYKCAVVDVP,162
Q925I1,FDKYVLKPATEGKQRLKVAQFDYGKKCSEVAQL,504
P11725,MAVMVSLLTDYSPVLQKPKFXXXXXXXXXXXXX,351
P9WNN1,HGKTTLTAAITKVLHDKFPDLNETKAFDQIDNA,39
Q9DCY0,IQTLEKLGFPMYAHVDKANFTVQRMVGLLGQIL,266
Q9WUR2,ASQQDFENALNQVKLLKKDPGNEVKLRLYALYK,52
Q9DCN1,PEKITLVFLGVELEMRKGSPAQAGGVPEEEEDG,207
O35943,RHAHLNLHYLQILNIKKQSVCVVHLRNLGTLDN,67
P70694,DAGFRHIDSASMYQNEKEVGLAIRSKIADGTVK,59
P38060,SVVDSSVAGLGGCPYAKGASGNLATEDLVYMLN,270
P05201,TKNLDYVATSIHEAVTKIQXXXXXXXXXXXXXX,411
P9WIY3,AVIHRPRYDDWSLPKGKVDPGETAPVGAVREIL,55
Q91Z53,XXXXXXXXXMKPARLMKVFVTGPLPAEGRAALA,8
P25688,DLKVLKTTQSGFEGFLKDQFTTLPEVKDRCFAT,175
Q8QZT1,EDEEYKRVDFSKVPKLKTVFQKENGTITAANAS,265
Q9JII6,LNKNWRYIVPMITVDGKRVPRDAGHPLYPFNDP,308
Q71RI9,ATPLQAALAEAFWIDIKRMDDPECYFNSLPKEL,331
Q99LP6,QKLVEEAKLYGIQGFCKDLLEVADILEKATQSV,109
P9WHE3,XXXXXXXXXXXXXXMAKLSTDELLDAFKEMTLL,3
Q8QZT1,YALSSYTRSKEAWDAGKFASEITPITISVKGKP,227
P42125,DSIQKSLHMYLEKLKQKKGXXXXXXXXXXXXXX,287
A2ATU0,NLLTGLLQLPPELMFRKMRGLSEFPENVATIGD,245
Q9WUR2,PEACSSYTFPKMMGSAKAAEMLLFGKKLTAREA,292
Q91W43,RMMPGRMVGVTRDATGKEVYRLALQTREQHIRR,363
P54869,XXMQRLLAPARRVLQVKRAMQETSLTPAHLLSA,15
Q9DBF1,DERVNLLSFTGSTQVGKEVALMVQERFGKSLLE,280
Q8BJ64,EAGPKDLLMGSKRLQWKIHMPAALVSNLCDDKY,89
Q91XE0,MTDDLDFYINTYQVYSKDPQNCQEFLESSEVIN,81
Q64374,XXXXXXXXXXXXMSSIKVECVLRENYRCGESPV,5
Q9DCX2,EKPPAIDWAYYRANVAKPGLVDDFEKKYNALKI,63
Q8VCW8,IVFPKQFKTQQYYDILKQVCPELEKAQPGALKS,191
P56480,PEQAFYMVGPIEEAVAKADKLAEEHGSXXXXXX,519
Q9JHI5,MYTRLMASRQYVYNVAKACDEGHIIPKDCAGVI,346
Q3UNX5,EACSLQRGDRVMVILPKIPEWWLANVACLRTGT,123
Q61425,TGHTVVLVDQTEDILAKSKKGIEESLKRMAKKK,65
Q9JHW2,KAGTEETILYSDIDLKKLAEIRQQIPILKQKRA,250
Q9DBL7,PSGLYVLGLTGISGSGKSSVAQRLKNLGAYIID,370
Q9DB77,STVLQQIDSVADADVVKAAKKFVSGKKSMAASG,426
Q91VR2,KNIQKITKSMKMVAAAKYARAERELKPARVYGT,55
Q9D172,KNLSTFAVDGKDCKVNKEVERVLKEFHGAKKPI,155
Q9WU19,DTPYLGNRIDDVRNRFKLPPQLRMKNFETNDLA,176
Q8K370,KGGLVISPEGLSPAVRKLYEQLVQFIEQKVYPL,665
Q3UEG6,CAPDCCQAKERYIEQFKDTLNTSVATSIAGFFA,269
Q9CZU6,DPRYSCQREFALKHLPKDPMFKLVAQLYKIVPN,370
Q99L13,SSMNAVEVYSGANGILKKVKKGSLLIDSSTIDP,120
Q8BGA8,YDVQIVDEEGNVLPPGKEGNIAVRIKPTRPFCF,414
Q8R0F8,KSFTSSCPVSAFVPKEKIPDPHALRLWLKVNGE,142
P32020,MEKYGTKVEHFAKIGWKNHKHSVNNTYSQFQDE,187
Q3UNX5,YGQTETVLICGNFKGMKIKPGSMGKPSPAFDVK,386
Q03265,RQTGKTSIAIDTIINQKRFNDGTDEKKKLYCIY,230
Q9CQ62,FDGGEEVFLSGEFNSLKKVTKEEWDIIEGLIRK,315
Q99LB7,FTQHIEGAINRVPVLEKTGIKSTVCGPESFTPD,374
Q99J39,YYLEETGPNSISYLGSKNIKASEQILSLVAQFQ,471
P16460,AYLANIGQKEDFEEARKKALKLGAKKVFIEDVS,49
Q8R123,EGLKGLFQNTAVQFHLKELYVAASEGSIAPILS,187
P14152,ANTNCLTASKSAPSIPKENFSCLTRLDHNRAKS,149
Q9D1I5,KLGRLNHVAVAVPDLEKASSFYRDVLGAQVSEV,62
Q8QZR3,IRNTHRGQVRGSFVHVKDTKSGVHAFLGIPFAK,49
Q9D6Y7,YCGLGGTGVSCPMAIKKXXXXXXXXXXXXXXXX,233
Q9Z2Y8,RDLPAIQPRLVAVSKTKPADMVIEAYGHGQRTF,49
P63038,ANGDKDIGNIISDAMKKVGRKGVITVKDGKTLN,192
Q9D6R2,VAIFESVHGTAPDIAGKDMANPTALLLSAVMML,299
Q9JHW2,IPILKQKRADLYTVESKKPXXXXXXXXXXXXXX,274
Q9Z2I8,HLTPRRWLNLQEYQSKKLMSEHGVRVQRFFVAN,48
P24270,SHTFKLVNADGEAVYCKFHYKTDQGIKNLPVGE,233
Q91W43,APWGSSSILPISWAYIKMMGGKGLKEATEIAIL,824
P42125,IGLNESLLGIVAPFWFKDMYVNTIGHREAERAL,177
Q9DBL7,QSQVEKAWNLLQKRLPKAYQTRNXXXXXXXXXX,557
Q9DCX2,VSGSQLRIQEYEKQLEKMRNIIPFDQMTIDDLN,121
Q9CPY7,YGLHQDFPSVVVVGLGKRSAGVDDQENWHEGKE,103
Q9DBL1,SFCLSEAGAGSDSFAMKTRADKSGNYYVLNGSK,189
Q9DBL1,LQTLTDEEIMMKQTVKKFAQEHVAPLVSSMDEN,70
P14152,FSREKMDLTAKELTEEKETAFEFLSSAXXXXXX,324
P9WIS7,FAEREGVNLTFLPFFAKAVIDALKIHPNINASY,380
A2ATU0,GKHFYALLKQRESLGTKKHDFAIIRLEELCPFP,827
Q9CQR4,LKQGKTLAFASVDLTNKTTGKLIAQGRHTKHLG,123
Q9WU19,EAVEGKVEVFLDGGVRKGTDVLKALALGAKAVF,296
Q9WVM8,PEGLKKILSQWKPEDSKDPTKKTPKFLYTVPNG,184
Q61176,GLLSGLDIMEVNPTLGKTAEEVKSTVNTAVALT,284
O55137,GLKDVVDALQSPLVDKKSFIPVERSDTTFLFLV,304
P10853,KGSKKAVTKAQKKDGKKRKRSRKESYSVYVYKV,29
Q8K4Z3,GPGNNGGDGLVCARHLKLFGYQPTIYYPKRPNK,126
Q91VR2,MKMVAAAKYARAERELKPARVYGTGSLALYEKA,64
P12710,SGKYQLQSQENFEPFMKAIGLPEDLIQKGKDIK,20
Q9WTP6,SGRSYHEEFNPPKEPMKDDITGEPLIRRSDDNE,164
P70694,FIPILGFGTYAPQEVPKSKATEATKIAIDAGFR,31
P38060,PRDGLQNEKSIVPTPVKIRLIDMLSEAGLPVIE,56
Q8BIJ6,VSRSIYVRFPLLRPPPKLESLTDASSPVSVLVW,281
Q99KR7,VKKIESFGSKSGKTSKKIVITDCGQLSXXXXXX,196
O08749,CVPSVIYTHPEVAWVGKSEEQLKEEGIEFKIGK,404
P9WPR9,TAEGTREAAIKQAEGQKQAQILAAEGAKQAAIL,210
Q9D819,KDVFHMVVEVPRWSNAKMEIATKDPLNPIKQDV,57
Q8QZR3,ECGWGVPMFMGLDHIIKNITRETLPAVLKNTAA,360
Q9R0H0,DYNFLTRSQRYEVAVKKSATMVKKMREFGIADP,66
Q3ULD5,PLFPADELYGIVGANLKRSFDVREVIARIVDGS,326
Q99K67,TIKAQEANMNLLDEVLKQEIRLIDYEKMVDHRG,128
P09671,ALEPHINAQIMQLHHSKHHAAYVNNLNATEEKY,53
Q9DBL7,LAQEQLVVGVADKDLLKSKLLPELLQPYAERVE,232
P01942,DDLPGALSALSDLHAHKLRVDPVNFKLLSHCLL,91
Q9CQ62,FVMPSSSAKSGVEAMNKSLAAEWGRYGMRFNII,222
Q9DBL1,TEASFFCSVLVIEELAKVDASVALLCDIQNTII,130
Q9WUR9,QEDDKPEAVAARLRRYKDAAKPVIELYKSRGVL,175
Q8K370,AEGLWNLFLPLETDPEKKYGAGLTNVEYAHLCE,726
Q9EP89,IKKVKEEKAYKALKMVKGTPPPSDQEKELKEKG,241
Q9DB77,MKLLSRAGSFSRFYSLKVAPKVKTSAAPGGVPL,17
Q9EP89,MVMMWTPVPNTEMSWDKEGKYAMAWGVVEKKQT,460
Q99MZ7,PDHDNWPVGAGDLSIVKRIKESFKKKAKLXXXX,291
P51881,RGMGGAFVLVLYDEIKKYTXXXXXXXXXXXXXX,296
Q9DBL1,ALLCDIQNTIINNLFRKHASEEQKATYLPKLVT,152
Q9DB29,SSLPWLLPYWKDVEEAKPELSLLGDGDYXXXXX,238
Q9D1I5,HPLGSDSPITGFLQKNKAGGMHHVCIEVDNISA,118
Q9DBF1,APIVHQETFAPILYVFKFQDEEEVFEWNNEVKQ,437
Q8BTY1,PDLPGAMDEPYDTRFAKWMIKNKGLSAIPVSTF,368
O35490,XXXXXXXXXXMAPVAGKKAKKGILERLNAGEVV,7
P63038,DDAMLLKGKGDKAHIEKRIQEITEQLDITTSEY,369
P00329,QNLSMNPMLLLLGRTWKGAIFGGFKSKDSVPKL,316
Q8VCW8,MMHGATLLLSSPSFNGKKALEAISREKGTLLYG,339
P9WGV3,AGDLAFPAINVNDSVTKSKFDNKYGTRHSLIDG,248
Q3UUI3,NPTRAIQEFQTLFVDSKFKKEEQMSKAQQFTRS,89
Q8K4Z3,KRPNKPLFTGLVTQCQKMDIPFLGEMPPEPMMV,154
Q8BTY1,LVLNTPNNPLGKVFSKKELELVAALCQQHDVLC,194
P9WIS7,HRLIDGADAGRFLTTIKHRLEEGAFEADLGLXX,539
Q9CZS1,VAEQTPLSALYLASLIKEAGFPPGVVNIITGYG,228
Q9DCN1,ARWFTREQVVDVLTKGKQQAFFVPPSRAIAHQL,435
P48962,SFLKDFLAGGIAAAVSKTAVAPIERVKLLLQVQ,23
Q8K370,VRGHSTVAAASPSHEAKGGLVISPEGLSPAVRK,649
P30115,RWLLAAAGVEFEEKFLKTRDDLARLRSDGSLMF,36
Q99LC5,VAAKLNVAPVSDIIEIKSPDTFVRTIYAGNALC,139
P32020,LAQCAELCWQLRGEAGKRQVPGAKVALQHNLGL,378
Q99LP6,HTPVEGKEPGTVALVSKVGYKLHGRTLRPALVG,196
Q9CZS1,IGHVAEGDRADVDLAVKAAREAFRLGSPWRRMD,83
Q99MN9,STRARICCDLEVLASKKVHRPWRKHANIPLXXX,528
P38060,EISLGDTIGVGTPGLMKDMLTAVMHEVPVTALA,215
P50136,VNDPGKGRQMPVHYGCKERHFVTISSPLATQIP,195
P50544,ALDQFATVVEAKLVKHKKGIVNEQFLLQRLADG,556
Q9DCX2,TIDDLNEIFPETKLDKKKYPYWPHQPIENLXXX,148
Q9DBF1,TQVGKEVALMVQERFGKSLLELGGNNAIIAFED,292
P97450,SVHLKRNIGVTAVAFNKELDPVQKLFVDKIREY,34
Q9CZN7,FCSRAALEALGSCLNNKYSEGYPGKRYYGGAEV,95
P38647,IQSSGGLSKDDIENMVKNAEKYAEEDRRKKERV,563
Q9WTP6,LEAYHTQTTPLVEYYRKRGIHCAIDASQTPDIV,203
Q99JY0,FKAMDSDWFAQNYMGRKTKVGSPPLEKFNIWGG,407
Q8K370,LQPSEAIFLDDLGSNLKVAASLGIHTIKVDRPE,219
O55137,SHPEVKGPGIGLLGISKGGELGLAMASFLKGIT,233
P9WPE9,DPFEDLGAQLVKSVATKTNDVAGDGTTTATILA,79
Q8BMS1,FSPVDKMQLLEIITTDKTSKDTTASAVAVGLRQ,516
Q60597,EISKYDKICEEAFTRSKDEKILHIKHWLDSPWP,574
Q99J08,MFEENYPETLKRLFVVKAPKLFPVAYNLIKPFL,193
Q91W43,SREVAAFPLPFVKPENKFWPTIARIDDIYGDQH,986
Q8BWF0,EKAVEKVEKQVNDAVAKGATVVTGGKRHQSGGN,390
P10648,SQRKPPLDAKQIEEARKVFKFXXXXXXXXXXXX,218
P24270,AGHLKDAQLFIQKKAVKNFTDVHPDYGARIQAL,480
P16460,IKVIAPWRMPEFYNRFKGRNDLMEYAKQHGIPI,155
P9WMJ9,NEPTAAALAYGLDKGEKEQRILVFDLGGGTFDV,162
P05202,NLDKEYLPIGGLAEFCKASAELALGENNEVLKS,107
Q8BFR5,LDAVDTYIPVPTRDLDKPFLLPVESVYSIPGRG,256
Q8VCW8,EEVDKAASGLLSIGLRKGDRLGMWGPNSYAWVL,123
Q8BH95,IFPVEKLVEEAIQCAEKIASNSKIVVAMAKESV,228
Q8K4Z3,NPSGIQPDLLISLTAPKKSATHFTGRYHYLGGR,239
P61922,LHLFIPGSRYISQAAAKVDIEFDYDGPLMKTEV,34
Q78JN3,DLVSSLSSSSEAPSQGKRGADEKARESKDILVT,51
Q9WUM5,SMSPAQLGTTIYKEFEKRKMLXXXXXXXXXXXX,342
P9WI57,VFVGATDGPSAQAAIDKINAIANPQLPTVGERF,653
Q8VCW8,IALMDEQGFCKIVGRSKDMIIRGGENIYPAELE,510
Q99L13,SLAHQIYRMMCSKGYSKKDFSSVFQYLREEEPF,319
Q91ZA3,TRAQAVHPGYGFLSENKEFAKRLAAEDVTFIGP,146
Q9JLZ3,TISTKDRLEGLLAFKEKRPPRYKGEXXXXXXXX,306
P16460,DQVRFELTCYSLAPQIKVIAPWRMPEFYNRFKG,140
Q9DBF1,SIFTKDLGRIFRWLGPKGSDCGIVNVNIPTSGA,474
Q3UNX5,VSQHSREGWGNLKEMMKYASDSHTCVDTKHDEM,207
Q8K370,PAVRKLYEQLVQFIEQKVYPLEPELQRHQASAD,677
O55125,FSQIGELYVVHHLWAYKDLQSREETRNAAWRKR,238
Q9D6R2,VHKANIMRMSDGLFLQKCREVAENCKDIKFNEM,214
Q8C196,LLVLNYSNDYNHWLATKSLGQWLQEEKVPAIYG,147
Q71RI9,SKVLGLCTSAKMALKFKNAKRIEGLDSNVWVEF,41
Q5RKZ7,FCGTCNRLRITADGNLKVCLFGNSEVSLRDHLR,327
Q8BTY1,KDKATLQAMDKRLCSWKGEPQAXXXXXXXXXXX,419
Q9DB29,PMGNEFLFLNLCPLLDKKVSSLPWLLPYWKDVE,219
P11679,IDKVRFLEQQNKMLETKWSLLQQQKTSRSNMDN,128
Q91ZA3,ISGWAVECRVYAEDPYKSFGLPSIGRLSQYQEP,403
Q99J08,MRDCELLLQECIQQTTKLGKKIETITMIYDCEG,141
Q8BMS1,LLKQMVSKGFLGRKSGKGFYIYQEGSKNKSLNS,634
Q9DCX2,KTIDWVSFVEVMPQNQKAIGNALKSWNETFHAR,25
Q9DBL1,NTIINNLFRKHASEEQKATYLPKLVTEKLGSFC,159
Q9WU19,KVIDKTLVRKNPLAVSKIXXXXXXXXXXXXXXX,369
Q8BGA8,ICGNSRNSTIKSGSMGKASPPYDVQIVDEEGNV,393
O35490,EYFEHVEEAVWAVEALKASGKPVAATMCIGPEG,175
P50544,KNDALEKVEDDTLQGLKELGAFGLQVPSELGGL,138
Q8C196,PFVSKTLGVDFIDVATKVMIGESIDEKRLPTLE,1281
Q9DBT9,GRPTQRVSGLYKTLKSKCSMGFHAGWEQPHWFY,474
Q9DCS3,WRTEAVFSEEALIGIPKDIPLQSAATLGVNPCT,154
Q99J08,LSEDTRRKIMVLGANWKEVLLKHISPDQLPVEY,225
Q9DB77,VADADVVKAAKKFVSGKKSMAASGNLGHTPFLD,435
Q8BH95,KKGKNSSVGLIQLNRPKALNALCNGLIEELNQA,56
O55125,SKKETSNLYKIQFHNVKPECLDAYNSLTEAVLP,80
Q9R0P3,NGQLLPDNFIAACTEKKIPVVFRLQEGYDHSYY,247
P11679,QGLVEDFKNKYEDEINKRTEMENEFVLIKKDVD,191
P48962,ANVIRYFPTQALNFAFKDKYKQIFLGGVDRHKQ,92
Q8CHT0,GPRRAEVLAKTMVGQGKTVIQAEIDAAAELIDF,152
Q3TC72,EVDWEVEMAVVIGKKGKHIKATDVMAHVAGFTV,171
Q99JY0,AKKAQDEGHLSDIVPFKVPGKDTVTKDNGIRPS,269
Q8BIJ6,RQRVWGVPIPVFHHKTKDEYLINSQTTEHIIKL,540
Q60597,NPSHLEAADPVVMGKTKAEQFYCGDTEGKKVMS,389
Q99JY0,RMEQDEYALRSHSLAKKAQDEGHLSDIVPFKVP,255
Q3TLP5,AGGTQRLPRCLGVALAKELIFTGRRLNGAQARE,191
Q99LB7,QVLDYDYYGAYGNQAHKDYTYSRLLGDEYTFDF,535
Q9WVM8,VPNGNNPTGNSLTGDRKKEIYELARKYDFLIIE,213
Q925I1,EAIRRATVEREMELRHKNEMLRVEAEARARAKA,182
Q925I1,ATEGKQRLKVAQFDYGKKCSEVAQLTEGMSGRE,512
Q8BMS1,PQEATRISQEGQRMFEKLEKSPKPVVAAISGSC,129
Q9JLJ2,FGRENGRVTIEYYSQLKTVCVEMGDVESAFXXX,481
Q99KI0,RAIITKSFARIHETNLKKQGLLPLTFADPSDYN,700
P9WPR9,LVFLAVLVIFAIIVVAKSVALIPQAEAAVIERL,24
P11679,GGSNTFSRTTKAVVVKKIETRDGKLVSESSDVV,472
Q9WVM8,SYGIPELLSWLKQFQVKLHNPPTVNYPPNQGQM,93
Q9CQE1,ESQQNTFLIPTSFSPLKXXXXXXXXXXXXXXXX,247
P50544,ANDILRLFVALQGCMDKGKELTGLGNALKNPFG,481
Q8R4N0,TAMGLLNFKAVCEETLKTGPQVGLCLDAVVFGG,186
Q9DBT9,KLQASWVTHGVPPGFGKELFESDLDRISDHLEA,328
Q8QZS1,LFREEYILNNAIASCQKPYVALIDGITMGGGVG,132
Q9WTP7,LLDGFPRTLPQAEALDKVYQIDTVINLNVPFEV,104
P17182,FDSRGNPTVEVDLYTAKGLFRAAVPSGASTGIY,28
Q9CQR4,APGVSVDMNITYMSPAKIGEEIVITAHILKQGK,95
Q9JII6,STHYKETWKALEVLVAKGLVKALGLSNFNSRQI,153
P97807,GTGLNTRIGFAEKVAAKVAALTGLPFVTAPNKF,293
P10649,DFLARFEGLKKISAYMKSSRYIATPIFSKMAHW,199
Q9CZU6,IRFRGYSIPECQKMLPKAKGGEEPLPEGLFWLL,107
Q9JLJ2,FACSGEKEVNLAVENAKAAFKLWSKKSGLERCQ,59
Q5RKZ7,RVAVASAMVLLGPVAFKLVQQNQLKKGDALVVA,520
Q9DBM2,IADMLCEAGRFGQKTGKGWYQYDKPLGRIHKPD,572
Q9WVM8,NSLTGDRKKEIYELARKYDFLIIEDDPYYFLQF,222
Q99K67,REAYPALRPEANPLTWKQLLCDLVGISRSSPCE,761
P35486,XXXXXXXXXXXXXXMRKMLAAVSRVLAGSAQKP,3
P9WPE7,GLTLENADLSLLGKARKVVVTKDETTIVEGAGD,320
P16460,KEQGYDVIAYLANIGQKEDFEEARKKALKLGAK,41
A2ATU0,EPFFTNPVMYKIIRARKSIPDTYAEHLIASGLM,457
Q99MN9,MVKDTSYLFITGPEVVKSVTNEDVTQEQLGGAK,234
P51660,HITKGGTVAAKWTIDLKSGSGEVYQGPAKGSAD,668
P36552,PTYLNQEDAVHFHRTLKEACDQHGPDIYPKFKK,290
Q9DBM2,QASVKHPYEVAIKEEAKLFMYLRGSGQARALQY,252
Q9DBM2,GILDVVVKSDPVEEAIKFAQTVIGKPIEPRRIL,181
P42125,CLLALCCDYRVMADNPKYTIGLNESLLGIVAPF,158
P52825,DAIQFQRGGKEFLKKKKLSPDAVAQLAFQMAFL,460
Q99MN9,VITRKAYGGAYDVMSSKHLLGDTNYAWPTAEIA,447
Q3UNX5,KEMMKYASDSHTCVDTKHDEMMAIYFTSGTTGP,219
Q9JLJ2,VCCNGTRVFVQKEIADKFINEVVKQTQKIKLGD,303
P50544,FAKTPIKDAATGAVKEKITAFVVERSFGGVTHG,279
Q9WUR2,GAVLLRDFVNSFIDFPKPLVAVVNGPAVGISVT,233
Q8BTY1,AGGRPVFVSLRLSPAPKGQLGSSNDWQLDPTEL,151
Q60597,YYDYVKPRLRTTIDRAKPVWYAGRDPAAAPATG,981
Q8BIJ6,REESSYKVIVVPTAREKCPRCWKHTSETADALC,986
Q8CFA2,DEHTTPVEGSLSWTLGKRRRIAMDFPGAKIIVP,294
Q8K370,VRKTMAIPQDALEKYLKGLLGTHSTGPMELLQF,275
P70694,LIALRYQLQRGVVVLAKSFSEKRIKENMQVFEF,270
Q5FW57,FHMNQGNPFKLKALVDKWPDFNTVVVRPREQEM,48
Q9DCW4,VSVISVEEPPQRSAGVKVETTEDLVAKLKEVGR,238
Q91VR2,DITRRLKSIKNIQKITKSMKMVAAAKYARAERE,46
P00015,KTGQAPGFSYTDANKNKGVIWSEETLMEYLENP,56
P42125,KRVLVETEGPAGVAVMKLRNPPVNSLSLECLTE,48
Q80X68,RNLIPKEQARIKTFRKKHGKTVVGQITVDMMYG,54
Q91XE0,LFGGNERSQRFIERCIKNFPSSCVLGPEGTPAS,202
Q91W43,PLDQAQGYQQLFQGLEKDLCEITGYDRVSFQPN,605
Q9QZA0,KHHKELQKLVDTLPSIKHKDTLVEFGSFDPSCL,204
Q9DCM2,WNIKLQLRPTLIAGIMKDSGNQPPAMVPRKGQY,49
Q8C196,FAMTNQILVERSVTGWKEIEYEVVRDADDNCVT,630
O35490,KEATTEQQLRELFEKQKFKSAQXXXXXXXXXXX,402
Q9JHW2,AWGHSTVVDPWGQVLTKAGTEETILYSDIDLKK,234
Q9D819,DGKPENEFAFNAEFKNKDFAVDIIKSTHDYWKA,213
Q60597,XXXXXXXMFHLRTCAAKLRPLTASQTVKTFSQN,10
P9WNN1,XXXXXXXXXXXXMAKAKFQRTKPHVNIGTIGHV,5
Q99MN9,KSVTNEDVTQEQLGGAKTHTTVSGVAHRAFDND,250
P50136,KQSRKKVMEAFEQAERKLKPNPSLLFSDVYQEM,397
Q9D6R2,LFDHAAKIEAACFATIKDGKSLTKDLGGNAKCS,336
Q922B1,DKQREEHYFCKDFIKLKKIPTWKETAKGLAVKV,121
Q91ZA3,VKMADEAVCVGPAPTSKSYLNMDAIMEAIKKTR,115
Q9DBM2,GGLELALGCHYRIANAKARVGFPEVMLGILPGA,115
Q8VCW8,IVFVEGYPLTISGKIQKFKLREQMEQHLKLXXX,602
Q99LC5,QHLAGMKDSKTIVAINKDPEAPIFQVADYGIVA,301
Q61425,PLFQPSPSMNNLVAQKKLGKKTGEGFYKYKXXX,301
Q78JN3,XXXXXMPKPGVFNFVNKATWDARNALGSLPKET,12
P63038,QGVDLLADAVAVTMGPKGRTVIIEQSWGSPKVT,58
Q9Z2Y8,NPDFQRLLTLRRELCEKLGIPVEQVELSMGMSM,211
Q8C196,LGMGGQTALNCGVELFKRGVLKEYGVKVLGTSV,522
Q9CZL5,CGGLTKRDVKLAQFIEKAAASLXXXXXXXXXXX,131
Q9CPY7,VFVGKGITFDSGGISIKASANMDLMRADMGGAA,294
Q3TC72,GKTFDTFCPLGPALVTKDTIADPHNLKICCRVN,223
P45952,NSLGQMPVILAGNDQQKKKYLGRMTEQPMMCAY,142
P9WPE9,AGDGTTTATILAQALIKGGLRLVAAGVNPIALG,100
P54869,EQGLRGTHMENAYDFYKPNLASEYPLVDGKLSI,243
Q8QZS1,QLKTWEQDPDTFLIIIKGAGGKAFCAGGDIKAL,86
P01942,LSDLHAHKLRVDPVNFKLLSHCLLVTLASHHPA,100
P10853,APAPKKGSKKAVTKAQKKDGKKRKRSRKESYSV,24
Q71RI9,LAQRRLISLGCRSKPIKTIYSSSKVLGLCTSAK,19
Q922B1,LSDKQREEHYFCKDFIKLKKIPTWKETAKGLAV,119
Q9Z2I8,AKEIVLKAQILAGGRGKGVFNSGLKGGVHLTKD,94
Q8R4N0,CVLRNTVRGAAALPRLKASHVVSVYKPRYSSLS,20
P9WMK1,MVRDGQLTIKAERTEQKDFDGRSEFAYGSFVRT,85
P9WPE7,EIELEDPYEKIGAELVKEVAKKTDDVAGDGTTT,74
P61922,IDIPSFDWPIAPFPRLKYPLEEFTTDNQQEEAR,252
Q8BFR5,EDLKLSLILRQPMILEKGQRFTLRDGNKTIGTG,418
Q8QZS1,PANLKDVTDEDLNSYFKSLGSSDLKFXXXXXXX,376
P50544,TESMAYMLSANMDQGFKDFQIEAAISKIFCSEA,410
Q8BWF0,QVNDAVAKGATVVTGGKRHQSGGNFFEPTLLSN,399
P61922,ARCLEEVEDLIVKYRKKKRTVAGIIVEPIQSEG,283
Q91XE0,QGLVSFVVHSQDQIMTKRGYPVYSHTEKSNIAM,256
Q99LB7,GCGQELAHWIVHGRPEKDMYSYDIRRFHHSLTD,436
Q8BIJ6,FSIVKDRLYCENEKDPKRRSCQTALAEILDVLV,815
P97450,IGVTAVAFNKELDPVQKLFVDKIREYKSKRQAS,41
P63038,LLTTAEAVVTEIPKEEKDPGMGAMGGMGGGMGG,554
Q80XN0,WLRMQIMTHFPGAISDKIYIHXXXXXXXXXXXX,339
P50544,NMDQGFKDFQIEAAISKIFCSEAAWKVADECIQ,420
P9WPE7,IEKAVEKVTETLLKGAKEVETKEQIAATAAISA,135
Q99LB7,IEGAINRVPVLEKTGIKSTVCGPESFTPDHKPL,378
Q8K370,LGSNLKVAASLGIHTIKVDRPETAVKELEALLG,230
P50544,RTQFGDKIHNFGVIQEKLARMAILQYVTESMAY,383
Q60597,SSNYVEEMYCAWLENPKSVHKSWDIFFRNTNAG,70
P54071,CATITPDEARVEEFKLKKMWKSPNGTIRNILGG,129
Q8R4N0,DTQDILYARQKVVVTAKAFGLQAIDLVYIDFRD,232
Q3UNX5,FAKDVLDQWTNMEKAGKRLSNPAFWWIDGNGEE,70
Q922B1,ETAKGLAVKVEDPKYKKDKQLNEKISLYRGDIT,144
Q8CFA2,GPTATQVLQAGVTDDMKKLPFMTSAVMEVFGVS,200
P30115,HVEELDPGVVDNFPLLKALRSRVSNLPTVKKFL,182
P9WIY3,RLLTVTYPTDSPFRGVKKVHYWAARSTGGEFTP,99
Q8QZS1,LQGKLGYFLALTGYRLKGRDVHRAGIATHFVDS,202
Q91Y97,TIQGLDGLSERCAQYKKDGVDFGKWRAVLRIAD,140
Q3ULD5,KQFSSAEEAALKEPIIKRFEEEGNPYYSSARLW,511
Q8C196,ISVGGQIPNNLAVPLYKNGVKIMGTSPLQIDRA,1070
P9WPE7,GGVAVIKAGAATEVELKERKHRIEDAVRNAKAA,388
Q9DBM2,TGKGWYQYDKPLGRIHKPDPWLSEFLSQYRETH,586
P51174,IVMPYIANYGTKEQIEKFIPQMTAGKCIGAIAM,156
P9WN51,GRAVECQVVCPPFVAVKTRXXXXXXXXXXXXXX,365
Q9WUR2,EVFPESTFETEVWTRLKTYAKLPPNAMRISKEL,332
P17182,QVVGDDLTVTNPKRIAKAASEKSCNCLLLKVNQ,330
P08228,XXXXXXXXXXXXXMAMKAVCVLKGDGPVQGTIH,4
P24270,ESGSADTVRDPRGFAVKFYTEDGNWDLVGNNTP,135
Q9CPY7,EGAVLGLYEYDDLKQKKKVAVSAKLHGSGDLEA,169
P46656,SARARSSSEDKITVHFKNRDGETLTTKGKIGDS,76
Q9D6R2,LIPGDGIGPEISASVMKIFDAAKAPIQWEERNV,52
P9WIS7,GDSVQVDEPLVEVSTDKVDTEIPSPVAGVLVSI,162
Q9DBT9,LTSEDLSDDAFKFLQTKSFNISDIPVTAIRISY,653
Q8K370,KAFIRGGDSGPWIRFIKGEITTEHFLEEFGRLC,93
P63038,SRALAPHLTRAYAKDVKFGADARALMLQGVDLL,31
P51660,FGEIGRRLKSVGREVVKKANAVFEWHITKGGTV,643
Q99LB7,NMSYFGKFYLLGVDARKAADWLFSADVNRPPGS,589
Q80XN0,KMWDDLPEVVRKDYGRKYFDEKIAKMETYCNSG,275
Q91VA0,APYKYPRKVEFVSELPKTVTGKIKRKELRNKEF,554
Q8VCW8,IAGSPAPPELIRAIINKMNMKELVVVYGTTENS,398
Q9JHI5,IVEKGMPGFSTSKKLDKLGMRGSNTCELVFEDC,243
Q9DBL1,RLVEAGRPFIKEASMAKYYASEVAGLTTSKCIE,371
P10853,HAVSEGTKAVTKYTSSKXXXXXXXXXXXXXXXX,126
O35459,EVSDHNYESIQVTSAQKHVLHVQLNRPEKRNAM,64
O55137,YKDETIPPVTILRNQVKMTKDGLKDVVDALQSP,283
P05202,TILTSPDLRKQWLQEVKGMADRIISMRTQLVSN,345
O35459,SACDIRYCTQDAFFQIKEVDMGLAADVGTLQRL,195
Q99LB7,PDDSPLEAGLAFTCKLKTSVPFLGREALEKQRA,803
P45952,YGFNTEYPVEKLMRDAKIYQIYEGTAQIQRLII,395
Q8BIJ6,QQKCGFSELYSWQRERKVKTEFCLHDGPPYANG,104
P56480,LATDMGTMQERITTTKKGSITSVQAIYVPADDL,351
P30115,SNLPTVKKFLQPGSQRKPFDDAKCVESAKKIFS,205
Q9D7B6,CIDPSLGLNEEQKGFQKVAFDFAAREMAPNMAE,48
Q8BGA8,PPNPAFWWVNGSGTEVKWTFEELGKQSRKAANV,88
Q9WUR9,XXXXXXXXXXXXXMASKLLRAVILGPPGSGKGT,4
Q61176,QREGNHKPGTDYLKPPKXXXXXXXXXXXXXXXX,323
Q9D6R2,PGGKWMIPPEAKESMDKNKMGLKGPLKTPIAAG,90
P52760,LGEILKAAGCDFNNVVKTTVLLADMNDFGTVNE,78
Q3UEG6,RQPLPKTEVNQIHEDCKDMGLLVGRGGNFSQTF,464
P38647,GEDFDQALLRHIVKEFKRETGVDLTKDNMALQR,291
P56480,VFTGHMGKLVPLKETIKGFQQILAGEYDHLPEQ,489
Q99MZ7,VGAGDLSIVKRIKESFKKKAKLXXXXXXXXXXX,298
P9WNN1,TTTPHTEFEGQVYILSKDEGGRHTPFFNNYRPQ,316
Q8C196,XXXXXMTRILTACKVVKTLKSGFGFANVTTKRQ,12
Q9CZS1,IKVYRYFAGWADKWHGKTIPMDGEHFCFTRHEP,161
I6YBZ8,GGGVAANITSIAARFTKPVFPGETLSTVIWRTE,242
Q9EP89,NSIESLRLFKNDPLFFKPGSQFLYSTFGYTLLA,320
Q8BMS1,VLLGILPGAGGTQRLPKMVGVPAAFDMMLTGRN,190
Q9CZN7,VSGGTDTHLVLVDLRPKGLDGARAERVLELVSI,389
Q78JN3,TVFTGTGDYYSSGNDLKNLINDAGEIQDVVATS,125
Q8CFA2,RIAMDFPGAKIIVPQLKGEVQRRRVGLICEGAP,313
Q8C196,GPTDTEYLFDSFFSLIKKGKGTTITSVLPKPAL,399
Q99L13,GSNVVYCGAVGTGQSAKICNNMLLAISMIGTAE,208
Q91ZA3,ICVIEAMKMQNSMTAGKMGKVKLVHCKAGDTVG,699
Q91XE0,GYPVYSHTEKSNIAMQKMSYTLQHLPMPCAWNQ,274
Q91W43,LKEATEIAILNANYMAKRLEKHYRVLFRGARGY,847
P9WPE7,VSSKVSTVKDLLPLLEKVIGAGKPLLIIAEDVE,237
Q8BJ64,AEKAADIIKGHPALEDKNVPVYKPQTLDTQRXX,582
P05202,HFIEQGINVCLCQSYAKNMGLYGERVGAFTVVC,279
P14152,FKSQGTALEKYAKKSVKVIVVGNPANTNCLTAS,125
P63038,TPEEIAQVATISANGDKDIGNIISDAMKKVGRK,180
P51660,ADNDVSRFKAIKVRFAKPVYPGQTLQTEMWKEG,564
Q9DB20,SRQVRSFSTSVVRPFAKLVRPPVQVYGIEGRYA,26
Q9Z2I8,SGLPITSAVDLEDAAKKAVASVAKKXXXXXXXX,425
Q8R123,LAQYHLSQLCVGFNGGKDCTALLHLFHAAVQRK,312
Q8C196,ARDELGLNKYMESDGIKVAGLLVLNYSNDYNHW,127
P54071,EPIICKNIPRLVPGWTKPITIGRHAHGDQYKAT,166
Q8CEI1,TVQQHQMVNQALKEEIKGMHGLRIFTSVPKCXX,96
Q9WU19,VEVFLDGGVRKGTDVLKALALGAKAVFVGRPII,302
O55125,LWRFSGGYPALMDCMNKLKNNKEYLEFRKERSK,141
P9WIY3,EIAVIHRPRYDDWSLPKGKVDPGETAPVGAVRE,53
P36552,HGNLSEEAANQMRGRGKTLKTKDSKLPFTAMGV,216
Q8C196,KRQWDFSRPGIRLLSVKAKTAHIVLEDGTKMKG,42
Q99KI0,GPCIGQWDRKDIKKGEKNTIVTSYNRNFTGRND,465
P54071,VTIDSALATQKYSVAVKCATITPDEARVEEFKL,112
Q99LP6,LEEKAKLEEQLRETMEKYKRALADTENLRQRSQ,77
Q99KI0,KWDGKDLEDLQILIKVKGKCTTDHISAAGPWLK,589
Q9DCN1,VAWFALGIEPGAAEEFKQRHENCYFLHPPMPAL,241
P52825,FKHGRTETIRPASIFTKRCSEAFVREPSKHSVG,510
Q91ZA3,HILTKLAAELNKFMLEKVPKDTSSTLCSPMPGV,649
P9WPE9,DVEGEALATLVVNAIRKTLKAVAVKGPYFGDRR,267
P36552,KTCAEAVVPSYVPIVKKHCDDSYTPRDKLWQQL,360
P14152,PKENFSCLTRLDHNRAKSQIALKLGVTADDVKN,164
Q91ZA3,PTSKSYLNMDAIMEAIKKTRAQAVHPGYGFLSE,128
Q78JN3,SSSSEAPSQGKRGADEKARESKDILVTSEDGIT,57
Q9DB20,KRTVKVKSLNDITKREKFSPLTANLMNLLAENG,100
Q8QZR3,KDTKSGVHAFLGIPFAKPPVGLLRFAPPEDPEP,65
Q9DB20,LLKDPKVSLAVLNPYIKRTVKVKSLNDITKREK,84
Q8R4N0,VFGGEDFRASIGATSNKDTQDILYARQKVVVTA,215
P45952,LVEHQGVSFLLAEMAMKVELARLSYQRAAWEVD,329
Q5RKZ7,RWPGLEKLPEEDSSTAKAFKIPGFQGQISFITS,290
Q99K67,DLVISLLPYVLHPVVAKACIESRVNMVTASYIT,564
P9WHE3,PKPLLEKVAKEAADEAKAKLEAAGATVTVKXXX,117
P45952,GTAQIQRLIIAREHIEKYKNXXXXXXXXXXXXX,418
Q9JLZ3,RLEGLLAFKEKRPPRYKGEXXXXXXXXXXXXXX,312
Q91W43,GVLVELKLPHEMDFSGKDVCGVLFQYPDTEGKV,262
P11679,DIANRSRAEAETMYQIKYEELQTLAGKHGDDLR,291
P52196,QDKKVDLSQPLIATCRKGVTACHVALAAYLCGK,250
O55125,YSKDSEGSWFRSLFVHKVDPRKDAHSTLLSKKE,51
O55137,GLLWAMEPDRPFWRLVKRDVQTPFVVELEVLDG,95
Q9DCY0,FHINQGNPFKLKTLVDKWPDFNTVVIRPQEEDM,48
Q8BWT1,ATDLTEFAARAALSAGKVPPETIDSVIVGNVMQ,45
P24270,QRPDVLTTGGGNPIGDKLNIMTAGSRGPLLVQD,38
Q99LP6,DTENLRQRSQKLVEEAKLYGIQGFCKDLLEVAD,100
Q9D6R2,SDGLFLQKCREVAENCKDIKFNEMYLDTVCLNM,223
Q8BH95,QDAKQAGLVSKIFPVEKLVEEAIQCAEKIASNS,217
P97807,TDNCVVGIQANTERINKLMNESLMLVTALNPHI,444
P9WGV3,EKVARIHVEALGGHLTKLTKEQAEYLGVDVEGP,471
Q8BIJ6,ASKQWFVNITDIKAAAKESLKTVKFIPGAALNS,493
Q9WVM8,PNGNNPTGNSLTGDRKKEIYELARKYDFLIIED,214
Q8QZS1,SAEDVAGVLESYHAKSKMDQDKSIIFEEHMDKI,251
Q99KI0,TTSVFPYNHRMKKYLSKTGRTDIANLAEEFKDH,309
Q9D819,RAAPFTLEYRVFLKNEKGQYISPFHDVPIYADK,25
Q91Y97,TLNLNAINRCPLPRPWKLSFSYGRALQASALAA,297
Q8C196,IIEVNARLSRSSALASKATGYPLAFIAAKIALG,728
O08749,EFLGHVGGIGIDMEISKNFQRILQRQGFKFKLN,259
P9WPE7,RQEAVLEDPYILLVSSKVSTVKDLLPLLEKVIG,224
P63038,ANEDQKIGIEIIKRALKIPAMTIAKNAGVEGSL,473
Q3UNX5,KIKPGSMGKPSPAFDVKILDENGATLPPGQEGD,402
Q9DCX2,EDKYTALVDQEEKEDVKSCAEFVSGSQLRIQEY,99
P32020,RLRRVFVVGVGMTKFMKPGGENSRDYPDMAKEA,26
Q8QZT1,GKFASEITPITISVKGKPDVVVKEDEEYKRVDF,242
P63038,EITEQLDITTSEYEKEKLNERLAKLSDGVAVLK,389
Q9D6R2,TIKDGKSLTKDLGGNAKCSDFTEEICRRVKDLD,350
Q9WTP6,GDMLRAMVASGSELGKKLKATMDAGKLVSDEMV,63
Q99J39,EETGPNSISYLGSKNIKASEQILSLVAQFQNNS,474
Q8BWT1,EAGYFNEEMAPIEVKTKKGKQTMQVDEHARPQT,211
Q8BWF0,TRKVGAALAAGCTVVVKPAEDTPYSALALAQLA,216
Q99LB2,SVTGIVCHVGKAEDREKLITTALKRHQGIDILV,99
Q9D7B6,ISCIVVEKGTPGLSFGKKEKKVGWNSQPTRAVI,229
Q9DCW4,SAGVKVETTEDLVAKLKEVGRIXXXXXXXXXXX,250
Q9CZU6,CLVLAARHASASSTNLKDVLSNLIPKEQARIKT,34
Q80X68,WLTQLQKEVGEDASDEKLKNYIWNTLNSGRVVP,327
Q8BMS1,RFVDLYGAQKVVDRLRKYESAYGTQFTPCQLLL,735
P10649,TMGDAPDFDRSQWLNEKFKLGLDFPNLPYLIDG,50
Q9JHI5,QLRHTISKFLQENLAPKAQEIDQTNDFKNLREF,65
Q8C5H8,HIIDSLRDEGIEVRLVKRREYDEETVRWADAVI,128
P9WPR9,YQYLQTLPEMARGDANKVWVVPSDFNAALQGFT,292
P54071,DGRFKDIFQEIFDKHYKTDFDKNKIWYEHRLID,275
Q9CPY7,AAAEGAVLGLYEYDDLKQKKKVAVSAKLHGSGD,166
P11679,EESRLESGMQNMSIHTKTTSGYSGGLSSSYGGL,420
Q8BWT1,APQFLSVQKALDLDPSKTNVSGGAIALGHPLGG,340
Q9DCN1,SSLMIGCLAVAVSTEIKVDKNEIEDARWFTREQ,410
Q8CFA2,WTLGKRRRIAMDFPGAKIIVPQLKGEVQRRRVG,306
Q8BFR5,FSLTWDMACRVILPPGKELAMPGEDLKLSLILR,395
O55125,RFSGGYPALMDCMNKLKNNKEYLEFRKERSKML,143
P45952,CVTEPSAGSDVAAIKTKAEKKGDEYVINGQKMW,175
Q9DB77,QGNLSSADVQAAKNKLKAGYLMSVETSEGFLSE,379
P97807,AVTVGGSNGHFELNVFKPMMIKNVLHSARLLGD,406
O35459,DAMLNAAFALAADISSKSPVAVQGSKINLIYSR,266
P13745,TRAILNYIATKYDLYGKDMKERALIDMYSEGIL,84
Q8C196,SKCLGLTEAQTRELRLKKNIHPWVKQIDTLAAE,934
P00329,GCKAAGAARIIAVDINKDKFAKAKELGATECIN,227
Q8BJ64,ANMYRGGDGPLHVSRGKTNHPLHQAFLQAARQA,195
Q8CFA2,VLRRTPLYDFHLAHGGKMVAFAGWSLPVQYRDS,48
Q9Z2I8,KEAQVYEAFKLLTSDPKVEAILVNIFGGIVNCA,355
P52825,LKAGVTAAKEKFDATMKTLTIDAIQFQRGGKEF,439
Q61176,MSSKPKSLEIIGAPFSKGQPRGGVEKGPAALRK,17
P9WPE7,ARRGLERGLNALADAVKVTLGPKGRNVVLEKKW,27
P24270,FFIRDAILFPSFIHSQKRNPQTHLKDPDMVWDF,169
Q8R123,SISPFPELEQFLQDTIKRYNLQVLEAEGNMKQA,359
Q8C196,VTNYLYVTYNGQEHDIKFDEHGIMVLGCGPYHI,970
Q9JLJ2,INAPHLERVLGFVKLAKEQGATVLCGGEVYVPE,347
P05201,PSVFAQVPQAPPVLVFKLTADFRDDPDPRKVNL,20
Q9R0H0,QTARFLMKIYDQVQSGKLVGGMVSYLNDLPSQR,446
O08756,VNCAGIAVAIKTYHQKKNKIHTLEDFQRVINVN,105
P97807,IAAAVEVHKVLLPGLQKLHDALSAKSKEFAQVI,210
Q9DCW4,XXXXXXMAELRALVAVKRVIDFAVKIRVKPDKS,11
P9WI57,YEGREKEVGAALRALTKKLVRQRILTDHFRIDG,333
Q8R0F8,XXXXXXMTQSCTMASTKPLSRFWEWGKNIVCVG,11
Q9CPY7,TRQVIDCQLADVNNLGKYRSAGACTAAAFLREF,455
P42125,SIQKSLHMYLEKLKQKKGXXXXXXXXXXXXXXX,288
P70694,LDDLNKNIRYISGSSFKDHPDFPFWDEYXXXXX,312
Q9QXE0,EKMKSNEAISKELASQKSLPMNYYTVFYHVQEQ,374
P38647,NMVKNAEKYAEEDRRKKERVEAVNMAEGIIHDT,576
Q9DCN1,XXXXXXXXMSSVKRNPKKEMISELHSSAAEGNV,9
Q9D819,GCCGDNDPIDVCEIGSKVCARGEIIRVKVLGIL,128
P9WI57,SVCASTLALLNAGVPLKAPVAGIAMGLVSDDIQ,489
Q99K67,CGGLPAPEHSDNPLRYKFSWSPVGVLMNIMQPA,649
Q9EP89,WDKEGKYAMAWGVVEKKQTYGSCRKQRHYASHT,474
Q8R123,VPYQPDAVEKAGEAVYKLAESGSCLGKKVAGAL,273
P24270,IPDGHRHMNGYGSHTFKLVNADGEAVYCKFHYK,221
Q61425,VVHSTDLVVEAIVENLKLKNELFQRLDKFAAEH,125
P24270,DYGARIQALLDKYNAEKPKNAIHTYTQAGSHMA,504
Q9DBM2,PVVAVESDPKQLDTAKKIITSTLEKEASKSGQA,336
P9WNP7,RLSDLVGLDTLKLIADKMFEEFKEPHYGPPPLL,250
Q9DCY0,THAALVNSLWHFGGNEKSQKFIERCIFTFPSFC,191
P00329,PRGTLREGTSRFSCKGKQIHNFISTSTFSQYTV,136
P9WH37,QKINPHGFRLGITTDWKSRWYADKQYAEYVKED,19
Q9WUR9,PYVYTLFSNKITPIQSKEAYXXXXXXXXXXXXX,220
Q925I1,LEARVRDIAIATRNTKKNKSLYRNVLMYGPPGT,339
Q99MZ7,DNWPVGAGDLSIVKRIKESFKKKAKLXXXXXXX,294
Q9QXE0,NVRPSVILLGDIDAVSKQLLEQFDKTPWQCPPD,333
Q80X68,TQLQKEVGEDASDEKLKNYIWNTLNSGRVVPGY,329
Q9EP89,TPPPSDQEKELKEKGGKNNEKSDAPKAKVEQDS,259
Q9CQ62,DVLKATAEEISSKTGNKVHAIRCDVRDPDMVHN,110
P9WGV3,DGGDATMLVLRGMQYEKAGVVPPAEEDDPAEWK,172
Q8BGA8,LTRELQEHVKTVTAPYKYPRKVAFISELPKTVS,547
Q8K370,RKQFDVVVESCLEGICKPDPRIFQLCLQRLSLQ,188
A2ATU0,DHGLARLVTVYCEHGHKAAQINPLFPGQALLDT,70
P00015,TLMEYLENPKKYIPGTKMIFAGIKKKSEREDLI,80
Q99L13,RPVGSLAAVCSRSMASKTPVGFIGLGNMGNPMA,38
Q8BWT1,LIDVNEAFAPQFLSVQKALDLDPSKTNVSGGAI,332
Q9WUM5,KHLGLPVFNTVKEAKEKTGATASVIYVPPPFAA,110
Q99LB2,NPFFGNLMDVTEEVWDKVLSINVTATAMMIKAV,137
Q9D7B6,SLGAAHASVILTQEHLKVRKQFGAPLARSQYLQ,298
Q9DB77,AAPGGVPLQPQDLEFTKLPNGLVIASLENYAPL,42
Q8CFA2,TRRHCSLFDVSHMLQTKIFGCDRVKLLESVVVG,88
Q99LB7,VGGYEANPIFWEEVSDKFAFGLFDLDWDVFTQH,345
P9WPR9,PSDFNAALQGFTRLLGKPGEDGVFRFEPSPVED,313
Q99LP6,EKAKLEEQLRETMEKYKRALADTENLRQRSQKL,79
Q9WU19,IDDVRNRFKLPPQLRMKNFETNDLAFSPKGNFG,184
Q9R0H0,VLRNLCLLYSLYGISQKGGDFLEGNIITGAQMS,570
P26443,LMTYKCAVVDVPFGGAKAGVKINPKNYTDNELE,183
Q9Z2I8,YNLATKQTPKEGVKVNKVMVAEALDISRETYLA,140
O08749,DVTVIGSGPGGYVAAIKSAQLGFKTVCIEKNET,59
Q9EQ20,SNQAGEYIFERGSRNGKRVQANMGAKNHGVVMP,278
Q99J08,IYVLRFDNTYSFIHAKKVSFTVEVLLPDKAAEE,376
Q99KR7,GSQFFICTIKTDWLDGKHVVFGHVKEGMDVVKK,166
Q91ZA3,DKILIANRGEIACRVIKTCKKMGIKTVAIHSDV,76
Q99KI0,CTNSSYEDMGRSAAVAKQALAHGLKCKSQFTIT,401
Q9CQR4,PEKLICEMKVEEQHTNKLGTLHGGLTATLVDSI,51
Q9DBM2,DMNLKKKVFAELSALCKPGAFLCTNTSALDVDD,396
Q99MN9,RGLCSQPVSVKERIDNKRHAALLGGGQRRIDAQ,44
Q9Z2I8,CFDAKINFDDNAEFRQKDIFAMDDKSENEPIEN,272
Q9DBL7,KKQMKILTDIVWPVIAKLAREEMDVAVAKGKTL,449
P56480,HEMIESGVINLKDATSKVALVYGQMNEPPGARA,264
Q99LB2,VRMASSGLTRRNPLSNKVALVTASTDGIGFAIA,34
Q9DBF1,EWNNEVKQGLSSSIFTKDLGRIFRWLGPKGSDC,462
P38647,YDLGGGTFDISILEIQKGVFEVKSTNGDTFLGG,259
Q8CFA2,GTVIGTVTSGCPSPSLKKNVAMGYVPFKYSRPG,357
Q8BGA8,FISELPKTVSGKILRSKLRNQEWGRXXXXXXXX,570
Q8R4N0,LKQAQNIVTLATSIKEKXXXXXXXXXXXXXXXX,338
P9WI57,IKVPVDKIGEVIGPKGKVINAITEETGAQISIE,616
Q61176,RDVDPGEHYIIKTLGIKYFSMTEVDKLGIGKVM,196
Q9EP89,YLKEKFENSIESLRLFKNDPLFFKPGSQFLYST,313
Q9WVM8,SQWKPEDSKDPTKKTPKFLYTVPNGNNPTGNSL,192
Q8R123,LHLFHAAVQRKFPDVPKPLQILYIRSISPFPEL,334
Q9WUR9,TETNRIWPYVYTLFSNKITPIQSKEAYXXXXXX,213
Q60597,KYDKICEEAFTRSKDEKILHIKHWLDSPWPGFF,577
Q9DBM2,AEKSANKWSTPSGASWKTASAQPVSSVGVLGLG,288
Q9JHW2,LVKHRKIHLFDIDVPGKITFQESKTLSPGDSFS,123
Q925I1,EQQSKLKEYEAAVEQLKSEQIRVQAEERRKTLT,103
P56480,GVGKTVLIMELINNVAKAHGGYSVFAGVGERTR,225
Q8BWT1,VSDGAGAVIIASEDAVKKHNFTPLARVVGYFVS,269
Q99KR7,AENFRALCTGEKGFGYKGSTFHRVIPAFMCQAG,90
P51881,DCWRKIARDEGSKAFFKGAWSNVLRGMGGAFVL,272
P38647,RVINEPTAAALAYGLDKSEDKVIAVYDLGGGTF,234
Q9DBL1,KTRADKSGNYYVLNGSKMWISHAEHAELFLVFA,205
Q9QXF8,YKPGQAYVPCYFIHVLKKTDXXXXXXXXXXXXX,290
P11725,VLITDTWISMGQEDEKKKRLQAFQGYQVTMKTA,275
Q9CPY7,GVRGLWDRGLSTADMTKGLVLGIYAKDKDDDLP,34
Q8C196,SQGAIEKVKDATRKIAKAFAISGPFNVQFLVKG,1232
P61922,QLITMACGSCSNENAFKTIFMWYRSKERGQRGF,173
Q925I1,EGGGDRGAGDRPSPKDKWSNFDPTGLERAAKAA,45
Q925I1,KNATSVAGRYIEARLGKPSLVRETSRISVLEAL,280
Q3UNX5,RMLVQNDMSSYKFNSLKHCVSAGEPINPEVMEQ,341
Q9WTP6,IPKGIRAVLLGPPGAGKGTQAPKLAENFCVCHL,28
Q99LB7,GDEYTFDFPPHHHMIQKECLACRGAAAVFNMSY,560
Q99LC5,KVVVSGGRGLKSGENFKLLYDLADQLHAAVGAS,232
P35486,VRAILAELTGRRGGCAKGKGGSMHMYAKNFYGG,147
P54869,DKALLKASLDMFNQKTKASLYLSTNNGNMYTSS,369
O08749,WVGKSEEQLKEEGIEFKIGKFPFAANSRAKTNA,417
O55137,TFFHKQLGSECLHVSPKIXXXXXXXXXXXXXXX,418
Q91W43,DRPYSREVAAFPLPFVKPENKFWPTIARIDDIY,982
Q91XE0,LNKTIQNLASIQSFQIKHSENILYVSSETIKKL,127
Q8K370,LRFADGPDEVHQLTVAKMELKNQSRMQEPAVPR,1052
Q8BH95,TIPGAGGTQRLTRAVGKSLAMEMVLTGDRISAQ,185
Q3UEG6,WGFQTHDVLPDIVTMAKGIGNGFPMAAVVTTPE,349
P30115,KEQTRNRYFPAFEKVLKSHGQDYLVGNRLSRAD,141
Q64374,LQTGQISNRRIVYKMEKDEQIPDGMCIDAEGKL,198
Q9CQ62,VTKEEWDIIEGLIRKTKGSXXXXXXXXXXXXXX,333
Q91W43,QGEYAGLATIRAYLDQKGERHRTVCLIPKSAHG,641
Q9CZS1,TEVGHLIQKAAGESNLKRVTLELGGKSPSIVLA,282
Q91VA0,QGLAFRSYIPSCRKLLKLKTSDILWCMSDPGWI,252
Q9CPY7,PQFTSAGESFNKLVSGKLREMLNISGPPLKAGK,66
P17182,GASTGIYEALELRDNDKTRFMGKGVSQAVEHIN,54
Q3ULD5,TDHYALDDHHALHLTRKVVRSLNYQKKMDVTIE,289
Q9CPY7,AVSAKLHGSGDLEAWEKGVLFASGQNLARHLME,188
Q9JHI5,FEDCKVPAANVLSQESKGVYVLMSGLDLERLVL,272
P00015,GGKHKTGPNLWGLFGRKTGQAPGFSYTDANKNK,40
P9WH37,GTEADRIRADLEKLTGKQVQLNILEVKNPESQA,96
P56480,GVHPARDYAAQASAAPKAGTATGRIVAVIGAVV,55
Q91XE0,XMIVPLQGAQMLQMLEKSLRKYLPESLKVYGTV,16
Q9DCN1,CQLNYPDVKGYLAQPEKITLVFLGVELEMRKGS,193
Q925I1,VLMYGPPGTGKTLFAKKLALHSGMDYAIMTGGD,363
P9WNN1,FAIREGGRTVGAGRVTKIIKXXXXXXXXXXXXX,393
P9WPE5,EAETTTASGLVIPDTAKEKPQEGTVVAVGPGRW,35
P9WPE9,HQDKISSLPDLLPLLEKVAGTGKPLLIVAEDVE,237
Q5RKZ7,VMEGIHKAIELGYKPVKVNCVVMRGLNEDELLD,215
P10649,RMQLIMLCYNPDFEKQKPEFLKTIPEKMKLYSE,124
Q8K2B3,FADGSIRTSELRLNMQKSMQNHAAVFRVGSVLQ,517
P51660,HLRGSFQVTRAAWDHMKKQNYGRILMTSSASGI,139
O08756,IAPGLFATPLLTTLPEKVRNFLASQVPFPSRLG,212
P50544,VKVPSENVLGEVGDGFKVAVNILNNGRFGMAAT,332
P16460,QKSQERVEGKVQVSVFKGQVYILGRESPLSLYN,355
Q91ZA3,ECITGLDLVQEMILVAKGYPLRHKQEDIPISGW,374
Q8QZS1,GKAFCAGGDIKALSEAKKARQNLTQDLFREEYI,106
P26443,SIWNPDGIDPKELEDFKLQHGSILGFPKAKVYE,352
Q8R3F5,ISGHLEALQFLRRNSAKYHFRRTKMLPVSGGFH,252
Q925I1,XXXXXXXXXMSWLFGIKGPKGEGTGPPLPLPPA,8
P32020,SAGDGFKANLVFKEIEKKLEEEGEQFVKKIGGI,442
Q9JII6,AVPREELFVTSKLWNTKHHPEDVEPALRKTLAD,85
Q91VA0,FWWVNGQGDEIKWSFRKLRDLTCRTANVFEQIC,86
Q8BK48,AQKIEEITRKTLPAVLKSTALKMMLPPECGDLL,373
Q9CZN7,VKRISATSIFFESMPYKLNPQTGLIDYDQLALT,196
Q8C196,VVKTLKSGFGFANVTTKRQWDFSRPGIRLLSVK,26
O55137,SDTTFLFLVGQDDHNWKSEFYADEISKRLQAHG,328
P35486,IVGAQVPLGAGIALACKYNGKDEVCLTLYGDGA,182
P17182,QEKIDKLMIEMDGTENKSKFGANAILGVSLAVC,103
Q8BTY1,MDEPYDTRFAKWMIKNKGLSAIPVSTFYSQPHH,374
Q9DB20,PKVSLAVLNPYIKRTVKVKSLNDITKREKFSPL,88
Q91VA0,YGQSETGISSATLREMKIKRGSIGKAILPFDLQ,379
Q99J08,FMSEGSDVGFGIFLKTKMGERQRAGEMTEVLPN,323
Q80X68,QMPTEEQVSWLSQEWVKRAALPSHVVTMLDNFP,143
Q99LB2,SLGPYNVSKTALLGLTKNFAAELAPKNIRVNCL,195
Q9CPY7,RLILADALCYAHTFNPKVIINAATLTGAMDVAL,384
Q71RI9,EVKRDRMVRLLNSVGLKPIVPDGGYFIIADVSS,364
Q99KI0,VYGHLDDPANQEIERGKTYLRLRPDRVAMQDAT,86
Q5FW57,DLDQHTNTYQIYSKDPKHCLEFLGTPDVINWKQ,83
P47738,FGPTAGAAIASHEGVDKVAFTGSTEVGHLIQVA,259
Q9DCS3,ALRLKTINVVRDRPDIKKLTDRLKDLGADYVLT,222
Q71RI9,MVRMAGAVPVFIPLRSKPTDGMKWTSSDWTFDP,182
P70694,LIHFPMAMKPGENYLPKDENGKLIYDAVDICDT,131
Q9DCN1,LDRRSDKRNNSDWLQAKESHPTTVYLLFSDLNP,142
Q9DB15,AAPASEAAEEEDVPKQKERTHFTVRLTEAKPVD,128
Q8BIJ6,WGVMADWNNCYYTFDPKYEAKQLRVFYQMYEKG,218
Q9D0S9,QAQGLKDGYRLVVNDGKMGAQSVYHLHIHVLGG,139
Q78JN3,KIMGPTKAAEMLLFGKKLTAREAWAQGLVTEVF,226
Q8VCW8,LEYVLRKVGCKGIVFPKQFKTQQYYDILKQVCP,179
Q8BFR5,ANDGPMPQTREHLLLAKQIGVEHVVVYVNKADA,169
Q8R164,LLQHVKGSRLHLMPEGKHNLHLRFADEFNRLVE,271
Q8R0F8,CTMASTKPLSRFWEWGKNIVCVGRNYADHVKEM,21
P61922,RGTFCSFDTPDEAIRNKLILIARNKGVVLGGCG,452
Q99MZ7,DLSIVKRIKESFKKKAKLXXXXXXXXXXXXXXX,302
P9WG35,LTGGDLGVISSDQFRGKSVLLNIFPSVDTPVCA,45
P14152,TWKFVEGLPINDFSREKMDLTAKELTEEKETAF,312
Q64374,LNAEGLLRQPDAGNIFKITGLGVKGIAPYSYAG,283
O08749,AAIKSAQLGFKTVCIEKNETLGGTCLNVGCIPS,72
P50544,GCMDKGKELTGLGNALKNPFGNVGLLMGEAGKQ,493
Q9D819,NTTVSESPFKCDPDAAKAIVDALPPPCESACSL,260
Q9EQ20,KENLKEIARLITLEQGKTLADAEGDVFRGLQVV,129
P11679,KLEAELGNMQGLVEDFKNKYEDEINKRTEMENE,182
Q5RKZ7,VRFIEYMPFDGNKWNFKKMVSYKEMLDTIRQRW,259
Q9D273,LFTVARYAAMKEGSQEKIYKKHDVXXXXXXXXX,230
Q9WVM8,INVPSDEHGIIPEGLKKILSQWKPEDSKDPTKK,173
Q9JHI5,QEIDQTNDFKNLREFWKQLGSLGVLGITAPVQY,83
Q9WUR2,SQLGQSPEACSSYTFPKMMGSAKAAEMLLFGKK,286
O08749,NIYAIGDVVAGPMLAHKAEDEGIICVEGMAGGA,365
Q8R4N0,LRIAKTLEDFDLGTTEKCVRINSVSSGLAEVDL,102
Q9D273,EDGDRLQPSSTAAKIPKIYTKTGDKGFSSTFTG,51
Q3UEG6,VTVSVGHCHPKVSAVAKKQIDRLWHTSSVFFHS,127
Q8BMS1,YLEEVAVNFAKGLADRKVSAKQSKGLVEKLTTY,255
P25688,NDEVEFVRTGYGKDMVKVLHIQRDGKYHSIKEV,27
Q71RI9,SDWTFDPRELESKFSSKTKAIILNTPHNPLGKV,208
P10648,ELDASLLTPFPLLKAFKSRISSLPNVKKFLHPG,185
Q91ZA3,AMKMQNSMTAGKMGKVKLVHCKAGDTVGEGDLL,704
Q9DCN1,GYRHIANLLANAKGGKKPWFLTNEVDECENYFS,106
Q9QXF8,FGGRCQHSVLGDFKPYKPGQAYVPCYFIHVLKK,275
Q91ZA3,RRHWRRSSQQQLLGTLKHAPVYSYQCLVVSRSL,31
Q80X68,AALPSHVVTMLDNFPTKLHPMSQLSAAITVLNN,161
Q3UNX5,KVEFIEELPKTVSGKVKRNELRKKEWVTTXXXX,568
Q8C196,QAGEFDYSGSQAVKAMKEENVKTVLMNPNIASV,453
Q9D1I5,KKIRSLSDEAKIGAHGKPVIFLHPKDCGGVLVE,158
P11679,AGGSNTFSRTTKAVVVKKIETRDGKLVSESSDV,471
Q9DBT9,AKARESYGFNNIVGYPKEERFAGRPTQRVSGLY,452
P38647,GENIRQAASSLQQASLKLFEMAYKKMASEREGS,646
P61922,TPDEAIRNKLILIARNKGVVLGGCGDKSIRFRP,460
Q91ZA3,DPETRQAMGEQAVALAKAVKYSSAGTVEFLVDS,321
O55125,PRAGDLAAAGAVRFYSKDSEGSWFRSLFVHKVD,37
Q8BGA8,ESAVVSSPDPIRGEVVKAFIVLSPAYASHDPEA,514
Q5RKZ7,VLLGPVAFKLVQQNQLKKGDALVVAQLAGVQAA,528
P10648,SSLPNVKKFLHPGSQRKPPLDAKQIEEARKVFK,205
Q9DBL7,IAKLAREEMDVAVAKGKTLCVIDAAMLLEAGWQ,463
Q8BIJ6,PDKVSPLLPATHVTMAKGTGLVHTAPAHGMEDY,386
P47738,TEVGHLIQVAAGSSNLKRVTLELGGKSPNIIMS,282
Q8BMS1,KALMGLYNGQVLCKKNKFGAPQKNVQQLAILGA,353
Q8BMS1,LAESQKFGELALTKESKALMGLYNGQVLCKKNK,337
P47738,LKCLRYYAGWADKYHGKTIPIDGDFFSYTRHEP,161
Q9WUR9,FGLQHLSSGHLLRENLKTGTEVGDVAKQYLEKG,45
P16460,HLDIEAFTMDREVRKIKQGLGLKFAELVYTGFW,310
P9WNN1,REGGRTVGAGRVTKIIKXXXXXXXXXXXXXXXX,396
Q9QXE0,AETSAVCAAASVLRDAKQPLLIIGKGAAYSHAE,217
P08249,ANVKGYLGPEQLPDCLKGCDVVVIPAGVPRKPG,91
Q99MN9,TVFGGSLSGAHAQKICKIMDQAITVGAPVIGLN,145
P17182,SFREAMRIGAEVYHNLKNVIKEKYGKDATNVGD,193
Q9DBL1,VGYTKDYPVEKFFRDAKIGTIYEGASNIQLNTI,408
Q91Y97,LSERCAQYKKDGVDFGKWRAVLRIADQCPSSLA,147
Q91ZA3,IQPGSDISIYYDPMISKLVTYGSDRAEALKRME,447
P12710,PFMKAIGLPEDLIQKGKDIKGVSEIVHEGKKIK,33
Q9WUR9,ASKLLRAVILGPPGSGKGTVCERIAQNFGLQHL,18
Q8BWF0,AGIPAGVYNVIPCSRNKAKEVGEVLCTDPLVSK,251
Q8BIJ6,GVDLEGGTCSHPLTPDKVSPLLPATHVTMAKGT,372
P14152,VGSMPRREGMERKDLLKANVKIFKSQGTALEKY,103
Q99K67,ISRSSPCEKLKEVVFTKLGGDNTQLEAAEWLGL,786
Q5RKZ7,MPFDGNKWNFKKMVSYKEMLDTIRQRWPGLEKL,265
Q9CQ62,AGNFISPSERLTPNGWKTITDIVLNGTAYVTLE,162
P9WPR9,AQGERAAAYLQAQGQAKAIEKTFAAIKAGRPTP,255
Q8C196,AVYFLPITPQFVTEVIKAERPDGLILGMGGQTA,497
P14152,VAVLVGSMPRREGMERKDLLKANVKIFKSQGTA,99
O08997,LNKLGGVEFNIDLPNKKVCIDSEHSSDTLLATL,39
Q80XN0,AILITGCDSGFGFSLAKHLHSKGFLVFAGCLMK,73
Q07417,AAQLDREHLFPTAQVKKMGELGLLAMDVPEELS,73
P32020,GPGGKEATWVVDVKNGKGSVLPNSDKKADCTIT,482
P63038,MKFDRGYISPYFINTSKGQKCEFQDAYVLLSEK,233
P9WG35,FDERAAASGATVLCVSKDLPFAQKRFCGAEGTE,83
P45952,ALDEATKYALDRKTFGKLLVEHQGVSFLLAEMA,311
P9WMJ9,EVTFDIDANGIVHVTAKDKGTGKENTIRIQEGS,463
Q64374,DYDLQTGQISNRRIVYKMEKDEQIPDGMCIDAE,195
Q9Z2I8,KSENEPIENEAARYDLKYIGLDGNIACFVNGAG,296
P9WH37,RAMRKAIQSAMRQPNVKGIRVQCSGRLGGAEMS,147
Q8R3F5,PAVDPLMKVLGSINIKKPLVAVHSNVSGQKYTH,290
Q9DBT9,VQLSEVGQQVEVELLGKNYPATIIQEPLVLTEP,829
O53773,AAHYPPSQGDCAMPFEKAVVVPLDPTSTFALIT,107
Q9DBM2,QARALQYAFFAEKSANKWSTPSGASWKTASAQP,278
Q8BWF0,GDIIYTSAKDKRGLVLKQPVGVAAIITPWNFPS,180
P36552,LKEACDQHGPDIYPKFKKWCDDYFFIVHRGERR,305
P47738,LQAYTEVKTVTVKVPQKNSXXXXXXXXXXXXXX,517
P47738,IQPTVFGDVKDGMTIAKEEIFGPVMQILKFKTI,416
P9WGE7,LLDMWEHAFYLQYKNVKVDFAKAFWNVVNWADV,174
Q8BK48,MCCLRGKNEAEMLAINKVFKIIPGVVDGEFLPK,305
Q99J39,LQGPLMRLCAWYLYGEKHRGYALNPVANFHLQN,409
Q9D819,DVKKGKLRYVANLFPYKGYIWNYGAIPQTWEDP,88
P36552,VPIVKKHCDDSYTPRDKLWQQLRRGRYVEFNLL,371
P10649,GDAPDFDRSQWLNEKFKLGLDFPNLPYLIDGSH,52
Q9WVM8,DFLIIEDDPYYFLQFSKPWEPTFLSMDVDGRVI,240
P16460,PAKAPNSPDVLEIEFKKGVPVKVTNIKDGTTRT,229
Q8K4F5,DATLPAIVFLHGLFGSKTNFNSLAKAMVQRTGR,71
P10648,PPDQREAKTALAKDRTKNRYLPAFEKVLKSHGQ,129
P9WMJ9,SQSTSINLPYITVDADKNPLFLDEQLTRAEFQR,264
Q64433,LDDKDYFLFRDSDILGKYVDXXXXXXXXXXXXX,99
Q71RI9,SLGCRSKPIKTIYSSSKVLGLCTSAKMALKFKN,26
Q3ULD5,RLGGSEKARARHTSRGKLLPRDRIDNLIDPGSP,80
P63038,KLNERLAKLSDGVAVLKVGGTSDVEVNEKKDRV,405
Q78JN3,KNAISFQMYLDIMHALKNASTDNSVITVFTGTG,99
Q9DBF1,FKFQDEEEVFEWNNEVKQGLSSSIFTKDLGRIF,452
Q8BIJ6,KILKDIANRFHMMRGSKVHFVPGWDCHGLPIET,146
Q99KI0,DYNKIHPVDKLTIQGLKDFAPGKPLKCVIKHPN,730
Q8K370,SLGIHTIKVDRPETAVKELEALLGFPLHLGVPN,239
Q9DBL7,LHRHLDVRILLTNIQTKSTFLPVLSSVQNLAHP,93
Q8K370,MDVAGNKTAALDIAMIKMVVPSMAYHVIDRAIQ,997
Q5RKZ7,LLGPVAFKLVQQNQLKKGDALVVAQLAGVQAAK,529
Q9QXE0,TMGVGLGFAIAAALVAKDRSPGQRVICVEGDSA,444
Q91VA0,QLKAKDILYRIQISRAKAIVTTASLVPEVESVA,156
Q99JY0,TSNVAREAALGAGFSDKTPAHTVTMACISSNQA,129
P51660,MYALGVGASVKNPKDLKFVYEGSADFSCLPTFG,361
Q8BIJ6,TKDEYLINSQTTEHIIKLVEQHGSDVWWTLPAE,555
P11725,LITDTWISMGQEDEKKKRLQAFQGYQVTMKTAK,276
P52825,VPTMHYQDSLPRLPIPKLEDTMKRYLSAQKPLL,56
Q64374,ERHQGSLYSLFPDHSVKKYFDQVDISNGLDWSL,144
Q9DBF1,NIPTSGAEIGGAFGGEKHTGGGRESGSDAWKQY,500
Q99MZ7,SRELLHLGCNVVIASRKLDRLTAAVDELRASLP,51
Q8BH95,ATDDRREGMTAFVEKRKANFKDHXXXXXXXXXX,284
Q9DB15,SAAAPASEAAEEEDVPKQKERTHFTVRLTEAKP,126
Q9QXF8,DAVICLGNSFAHLPDCKGDQSEHRLALKNIASM,148
P51881,TRLAADVGKAGAEREFKGLGDCLVKIYKSDGIK,155
P54071,TPDEARVEEFKLKKMWKSPNGTIRNILGGTVFR,133
Q8BFR5,PMILEKGQRFTLRDGNKTIGTGLVTDVPAMTEE,429
Q8K370,TRPVRKTMAIPQDALEKYLKGLLGTHSTGPMEL,272
Q9DB77,AGSFSRFYSLKVAPKVKTSAAPGGVPLQPQDLE,23
Q8CHT0,DSTTSYGLTGAVFAQDKAIVQEATRMLRNAAGN,486
P56480,PNIVGNEHYDVARGVQKILQDYKSLQDIIAILG,426
Q8K370,NPTYYIRLADRQLVLRKKPSGTLLPSAHAIERE,313
P51660,LRGSFQVTRAAWDHMKKQNYGRILMTSSASGIY,140
Q9CZL5,AQWLTAEERDQLIPGLKAAGWSELSERDAIYKE,54
Q9DBT9,GEPPFDLIELDPNRYGKWTTTQYTEAKARESYG,427
Q91VR2,GSLALYEKADIKAPEDKKKHLIIGVSSDRGLCG,88
P9WH37,EAKTTFGRIGVKVWIYKGDIVGGKRELAAAAPA,204
P9WGE7,ALEPHISGQINELHHSKHHATYVKGANDAVAKL,31
Q8BIJ6,PWTIPANQAICYMPEAKYAVVKCSASGHLYILA,317
P61922,INRPALGILPPENFVDKLQESLMSVAPRGMSQL,142
O53773,TPGHSAAGTVIDVDPGKRVVFTWGWEDHGDPPP,167
Q9DCX2,XXXXXXXXXXXXMAGRKLALKTIDWVSFVEVMP,5
P13745,KDRTKNRYLPAFEKVLKSHGQDYLVGNRLTRVD,141
Q99LC5,RTIYAGNALCTVKCDEKVKVFSVRGTSFEAAAT,162
Q3ULD5,KDGAKMVAAVACAKVPKITVIIGGSYGAGNYGM,436
Q8QZS1,LFPDVGGGYFLPRLQGKLGYFLALTGYRLKGRD,189
Q3TLP5,QDRLEGMAAFREKRAPKFVGKXXXXXXXXXXXX,292
Q99K67,VEPHELREVSKTGDLRKVYGTVLSRHHHLVRKT,259
Q8R0F8,ALCLDMTARDVQEECKKKGLPWTLAKSFTSSCP,117
P24270,LTKVWPHKDYPLIPVGKLVLNKNPVNYFAEVEQ,315
P9WGE7,NLAFNLAGHVNHTIWWKNLSPNGGDKPTGELAA,81
Q8C196,FGKGNPTKVVAVDCGIKNNVIRLLVKRGAEVHL,228
P10649,HPIRMLLEYTDSSYDEKRYTMGDAPDFDRSQWL,31
Q8BJ64,XXXXXXXMWQVLRGWRKGWQSPRGALAWAVQGQ,10
P70694,LIYDAVDICDTWEAMEKCKDAGLAKSIGVSNFN,153
Q9WUR2,VTSEDGITKITFNRPTKKNAISFQMYRDIILAL,158
Q9D819,DPDAANYKDISDVERLKPGYLEATVDWFRRYKV,179
Q99K67,AFSKHLVSKLSYGPEEKDMIVMRDSFGIRHPSG,833
Q9DCN1,ENCYFLHPPMPALLQLKEKEAGVVAQARSVLAW,261
P38647,QTDINLPYLTMDASGPKHLNMKLTRAQFEGIVT,340
P48962,VIRYFPTQALNFAFKDKYKQIFLGGVDRHKQFW,94
Q9JLZ3,AWARGTAPRRGYSSEVKTEDELRVRHLEEENRG,47
P45952,DEYVINGQKMWITNGGKANWYFLLARSNPDPKV,197
Q5RKZ7,RFIEYMPFDGNKWNFKKMVSYKEMLDTIRQRWP,260
P9WNN1,XXXXXXXMAKAKFQRTKPHVNIGTIGHVDHGKT,10
Q8CFA2,TVVSKMPFVPTNYYTLKXXXXXXXXXXXXXXXX,403
Q3UNX5,MKQDFKIEIPEYFNFAKDVLDQWTNMEKAGKRL,56
P9WPR9,RAAAYLQAQGQAKAIEKTFAAIKAGRPTPEMLA,259
Q9DB77,NAFSVLQHLLGAGPHIKRGNNTTSLLSQSVAKG,300
Q9QXE0,GAFQEFPQVEACRLYTKFSARPSTIELIPFIIE,139
P9WGV3,PAINVNDSVTKSKFDNKYGTRHSLIDGINRGTD,254
P52825,ELRQKLIHGGNEETLRKVDSAVFCLCLDDFPMK,317
Q9DCY0,LGKVIESLGATNLGKVKHKQCFLYMVCQTAKKL,126
P52825,LSFKLSSALKAGVTAAKEKFDATMKTLTIDAIQ,431
O35490,SQTPSYLSCKSEVEVKKIFRQQLEVFMKKNVDF,139
Q8C196,SVLPKPALVASRVEVSKVLILGSGGLSIGQAGE,424
P47738,AWKLGPALATGNVVVMKVAEQTPLTALYVANLI,211
P63038,IRRGVMLAVDAVIAELKKQSKPVTTPEEIAQVA,156
Q99K67,WERRAPLAPKHIKGITKLGYKVLIQPSNRRAIH,52
Q9WU19,LAFQGEKGVQDVLEILKEEFRLAMALSGCQNVK,337
P50544,IGFKGILLYGTKAQREKYLPRVASGQALAAFCL,201
Q9DBF1,HTKQAVSMFVRAVEEAKKQGGTVVYGGKVMDHP,389
Q91XE0,LSTGSGKPKAIDQDKFKLSSLDVVHAALVNKFW,169
P54869,SAAQQRFSTIPPAPLAKTDTWPKDVGILALEVY,46
Q91W43,ANMAAMFAIYHGSQGLKHIAKRVHNATLILSEG,410
Q99LP6,FDPYEHEALFHTPVEGKEPGTVALVSKVGYKLH,186
Q8BMS1,ESKALMGLYNGQVLCKKNKFGAPQKNVQQLAIL,351
P9WIY3,IHNEPTLTEESYANNPKRGRHRVLQIVEQVGTP,241
Q99K67,SIGPLTFVFTGTGNVSKGAQEVFNELPCEYVEP,229
Q64374,NWENQSVFVLAMVDEDKKNNRFNDGKVDPAGRY,97
Q8CEI1,IQVTDISGGCGAMYEIKIESEEFKEKRTVQQHQ,69
Q8K370,AELAWDFATKEGFRVFKEMPATKTLSRSYHAWA,606
O55137,GISKGGELGLAMASFLKGITAAVVINGSVAAVG,246
Q9R0H0,EGENTVMMLQTARFLMKIYDQVQSGKLVGGMVS,437
Q8R3F5,GGFHTCLMEPAVDPLMKVLGSINIKKPLVAVHS,281
Q8QZS1,FHEGVRAVLIDKDQTPKWKPANLKDVTDEDLNS,357
Q8K4F5,VGTTPGSHIGAFIAAMKAVEIPEKVPHSQARKL,177
P51660,FAKPVYPGQTLQTEMWKEGNRIHFQTKVHETGD,578
Q99J08,AMLRKHVEFRKQKDIDKIISWQPPEVIQQYLSG,70
P25688,VYVEEVPWKRFEKNGIKHVHAFIHTPTGTHFCE,126
P51881,AEREFKGLGDCLVKIYKSDGIKGLYQGFNVSVQ,166
P9WND5,ATCAIEDLVIAVPQGRKWFQLYMWRDRDRSMAL,156
P9WMJ9,IDRMIKDAEAHAEEDRKRREEADVRNQAETLVY,502
P16460,EFVRHCIQKSQERVEGKVQVSVFKGQVYILGRE,348
P9WP75,XXXXXXXXXXMPQGTVKWFNAEKGFGFIAPEDG,7
Q9DBM2,VRSVQASVKHPYEVAIKEEAKLFMYLRGSGQAR,248
Q9D273,GSALATPRSSAREAHLKHTAFQEGPVLELERWI,135
P32020,GENSRDYPDMAKEAGQKALEDAQIPYSAVEQAC,45
Q5FW57,MMPETAKKLVPSLLEDKEYLDHQSGRPRAIDQE,150
P25688,XXXXXXXMAHYHDNYGKNDEVEFVRTGYGKDMV,10
Q9DCM2,AVKAGMSTAQAQHFLEKISTQQVKNKLIENTDA,158
Q9DCS3,LIFKDLKLRGFWLSQWKKNHSPDEFKELILTLC,316
O08749,ELDPKGRIPVNNRFQTKIPNIYAIGDVVAGPML,346
P16460,RTTSLELFMYLNEVAGKHGVGRIDIVENRFIGM,260
Q3ULD5,RVSGVECMIVANDATVKGGTYYPVTVKKHVRAQ,141
Q8R164,KARKPLEALYGYDYLAKTCEDWVDGISQFKQLP,204
Q9D6Y7,AGGHTRNPTYKEVCSEKTGHAEVVRVVYRPEHI,110
Q8CFA2,TSEGHLYVVSNAGCRDKDLALMQDKVKEFQNRG,151
O35490,ASEKHGSWGSGLDMHTKPWIRARARKEYWQNLR,340
Q9DBL1,VAFAPLQTLTDEEIMMKQTVKKFAQEHVAPLVS,65
P63038,VAKSIDLKDKYKNIGAKLVQDVANNTNEEAGDG,96
P17182,AEVYHNLKNVIKEKYGKDATNVGDEGGFAPNIL,202
P10853,VYKVLKQVHPDTGISSKAMGIMNSFVNDIFERI,58
P70694,CDTWEAMEKCKDAGLAKSIGVSNFNRRQLEKIL,161
P10648,GVEFEEKFIQSPEDLEKLKKDGNLMFDQVPMVE,43
Q8BMS1,GKAFGERFGGGSVELLKQMVSKGFLGRKSGKGF,620
Q61176,GGLSYREGLYITEEIYKTGLLSGLDIMEVNPTL,266
Q60597,ITRIEQLSPFPFDLLLKEAQKYPNAELAWCQEE,943
P11725,QILADYLTLQEHYGSLKGLTLSWIGDGNNILHS,187
Q60597,GHNEMDEPMFTQPLMYKQIRKQKPVLQKYAELL,528
P11725,PNIVKLAEQYAKENGTKLSMTNDPLEAARGGNV,243
Q07417,MLKDNKKPFTKESAMAKLAASEAATAISHQAIQ,349
P54869,ARPTGGAGAVAMLIGPKAPLVLEQGLRGTHMEN,221
Q9R0P3,SNGQLLPDNFIAACTEKKIPVVFRLQEGYDHSY,246
P11679,LKLEVDPNIQAVRTQEKEQIKSLNNKFASFIDK,98
Q60597,FQRVIPENGPAAQDPHKVKRLLFCTGKVYYDLT,897
Q9CZU6,SESNFARAYAEGMNRAKYWELIYEDCMDLIAKL,193
Q99LC5,ADLFKVVPEMTEILKKKXXXXXXXXXXXXXXXX,333
Q80X68,YSIPECQKLLPKAKGGKEPLPEGLFWLLVTGQM,112
Q8K2B3,LQKQTCGFHFSVGENKKASAKVSDAISTQYPVV,42
O08997,CIDSEHSSDTLLATLNKTGKAVSYLGPKXXXXX,57
Q9DCM2,MRFLTTVSMEQPEMLEKVSREIWMRVWSRDEDI,116
Q60597,STDKLGFYGLHESDLDKVFHLPTTTFIGGQEPA,184
Q9R0H0,VFVRSFLVGSAAQSLSKACTIAIRYSAVRRQSE,295
P51660,VVGSGGFGGKRTSEKLKAAVAVPNRPPDAVLRD,478
Q9CZS1,CGQIIPWNFPLVMQGWKLAPALATGNTVVMKVA,197
P9WPE7,ELKERKHRIEDAVRNAKAAVEEGIVAGGGVTLL,402
P61922,CAFLVDEVQTGGGCTGKFWAHEHWGLDDPADVM,337
Q91W43,CRPGDFGSDVSHLNLHKTFCIPHGGGGPGMGPI,759
Q922B1,QHKDKVDRLIICVFLEKDEGIYRERLPHYFPVA,307
Q9DB15,HRRSEALAGAPLDNAPKEYPPKIQQLVQDIASL,59
A2ATU0,SKLLLESQEFDHFLATKFATVKRYGGEGAESMM,184
Q3UNX5,RCFQRLAIPDPMRVLYKDYRTATPQNFSNYESM,24
Q8CHT0,GNLAGAPALMGNVVLWKPSDTAMLASYAVYRIL,232
P50136,XXXXXXXXXXXXMSAAKIWRPSRGLRQAALLLL,5
Q9DBT9,TRTNWHATEQYIIEPEKIHELFPLLNMNKILAG,161
Q9JHW2,TKAGTEETILYSDIDLKKLAEIRQQIPILKQKR,249
Q9WUM5,RLIGPNCPGVINPGECKIGIMPGHIHKKGRIGI,182
P05201,AYRTDESQPWVLPVVRKVEQKIANDNSLNHEYL,56
Q8BK48,GCAAVNSETLMCCLRGKNEAEMLAINKVFKIIP,295
Q99K67,MRDSFGIRHPSGHLENKTIDLVVYGDFNGFSAM,854
P54071,DIFQEIFDKHYKTDFDKNKIWYEHRLIDDMVAQ,280
Q9R0H0,PTLVDINSLDSLTEAYKLRAARLVEIAAKNLQA,488
Q9WU19,REISRQIVKRAEKQGYKAIFVTVDTPYLGNRID,153
O35943,WLSSPSSGPKRYDWTGKNWVYSHDGVSLHELLA,168
P52825,QKCLEDMFDALEGKAIKTXXXXXXXXXXXXXXX,657
Q9EP89,SDQEKELKEKGGKNNEKSDAPKAKVEQDSEARC,263
Q80X68,GFPLERPKSMSTDALMKFVNSESGXXXXXXXXX,459
P54071,MDGDEMTRIIWQFIKEKLILPHVDVQLKYFDLG,69
Q91VA0,KDPMAIFFTSGTTGYPKMAKHNQGLAFRSYIPS,230
Q99KI0,AVTQEFGPVPDTARYYKKHGIRWVVIGDENYGE,651
Q9CPY7,KLREMLNISGPPLKAGKTRTFYGLHQDFPSVVV,82
Q91VR2,NSGYEFDEGSIIFNQFKSVISYKTEEKPIFSLN,191
P10648,XXXXXXXXXXXXXMAGKPVLHYFNARGRMECIR,4
P00329,AVFGLGGVGLSVIIGCKAAGAARIIAVDINKDK,213
P51660,GELQSALVFGEIGRRLKSVGREVVKKANAVFEW,635
Q3TC72,IPRSQVTFLAPVTRPEKVICVGLNYADHCQEQN,107
Q9WVM8,KILSQWKPEDSKDPTKKTPKFLYTVPNGNNPTG,189
Q99KI0,TPDLAHPVADVGTVAEKEGWPLDIRVGLIGSCT,370
P09671,PLLGIDVWEHAYYLQYKNVRPDYLKAIWNVINW,194
Q9CPY7,LSTADMTKGLVLGIYAKDKDDDLPQFTSAGESF,43
P9WNN1,DQGQAGDNVGLLLRGVKREDVERGQVVTKPGTT,285
P51174,ACEFMFEETRNYVKQRKAFGKTVAHIQTVQHKL,318
Q9Z2I8,LNGGKPANFLDLGGGVKEAQVYEAFKLLTSDPK,339
P9WNN1,MNAVDESIPDPVRETDKPFLMPVEDVFTITGRG,210
P9WIS7,RGTTQKASRIRQITANKTRESLQATAQLTQTHE,331
Q9DBT9,VATDDVDPEGNESIWYKGKVVGNTTSGSYSYSI,786
Q91W43,KRAGHQLQHDLFFDTLKVQCGCSVKEVLGRAAQ,444
Q99KI0,DVSPTSQRLQLLEPFDKWDGKDLEDLQILIKVK,573
Q99MN9,GGAVYSPALTDFTFMVKDTSYLFITGPEVVKSV,220
Q9DBL7,NRKVLGSRVFGNKKQMKILTDIVWPVIAKLARE,437
Q91W43,FDDGTLGISLDETVTEKDLDDLLWIFGCESSAE,484
P9WMJ9,IQEGSGLSKEDIDRMIKDAEAHAEEDRKRREEA,491
Q8BJ64,RVLLLEAGPKDLLMGSKRLQWKIHMPAALVSNL,84
Q8BFR5,PGRGTVVTGTLERGILKKGDECELLGHNKNIRT,285
P54071,KAYDGRFKDIFQEIFDKHYKTDFDKNKIWYEHR,272
Q9JII6,VGSGKAVPREELFVTSKLWNTKHHPEDVEPALR,80
P9WMJ9,TGKENTIRIQEGSGLSKEDIDRMIKDAEAHAEE,483
Q8R4N0,PTPEKIQWAEELIAAFKEHQQLGKGAFTFRGSM,300
P48962,XXXXXXXMGDQALSFLKDFLAGGIAAAVSKTAV,10
P11679,ADAEQRGEMAIKDAQTKLAELEAALQRAKQDMA,358
Q91ZA3,RVPVIRPDVAKWELSVKLHDEDHTVVASNNGPA,560
Q99KI0,VTSPEIVTALAIAGTLKFNPETDFLTGKDGKKF,506
P32020,PITPQMFGYAGKEHMEKYGTKVEHFAKIGWKNH,173
P9WHE3,FDVILEAAGDKKIGVIKVVREIVSGLGLKEAKD,79
Q8BIJ6,GGWFQSSLLTSVATRSKAPFRTVMVHGFTLGEK,645
Q8BWT1,IVAAKRTPFGAYGGLLKDFSATDLTEFAARAAL,25
P16460,KNQAPPGLYTKTQDPAKAPNSPDVLEIEFKKGV,215
Q99K67,QAVRDAGYEISLGLMPKSIGPLTFVFTGTGNVS,212
Q8K4F5,QLGLVPCVLVGHSMGGKTAMLLALQRPDVVERL,137
O35490,PDAWGVTKGAAELMQQKEATTEQQLRELFEKQK,386
Q9EQ20,GPVLVVLETETLDEAIKIVNDNPYGNGTAIFTT,436
O35490,HVEEAVWAVEALKASGKPVAATMCIGPEGDLHG,179
Q9CPY7,DMGGAATICSAIVSAAKLNLPINIIGLAPLCEN,321
Q3ULD5,IVQKQGTIFLAGPPLVKAATGEEVSAEDLGGAD,248
Q91VR2,IIFNQFKSVISYKTEEKPIFSLNTIATAETMSI,201
Q9QXF8,TVQVPGTGRDGSPGFSKFRLSYYPHCLASFTEL,238
Q91W43,VYRLALQTREQHIRRDKATSNICTAQALLANMA,381
P51660,KARGNIMLSQKLQMILKDYAKLXXXXXXXXXXX,730
P10853,IFERIASEASRLAHYNKRSTITSREIQTAVRLL,86
Q80XN0,GCDSGFGFSLAKHLHSKGFLVFAGCLMKDKGDA,78
P45952,WEVDSGRRNTYYASIAKAFAGDIANQLATDAVQ,358
Q9EP89,GWAGGLGLGLGLALGAKLVVGLRGAVPIQSPAD,55
Q9WUM5,IGEIGGHAEENAAAFLKEHNSGPKAKPVVSFIA,271
Q91ZA3,VTFIGPDTHAIQAMGDKIESKLLAKRAKVNTIP,173
P14152,VKIFKSQGTALEKYAKKSVKVIVVGNPANTNCL,122
Q9WU19,AEAGPEALRWMQLYIYKDREISRQIVKRAEKQG,135
P51881,RYFPTQALNFAFKDKYKQIFLGGVDKRTQFWRY,96
Q91Y97,NLFRNVLKEKGIVVGIKLDQGGAPLAGTNKETT,108
P10853,XMPEPAKSAPAPKKGSKKAVTKAQKKDGKKRKR,16
Q3UEG6,HGCSPYTLGLTNVGIYKMEVPGGIGCQSTMCPD,213
Q80X68,YEDCMDLLAKLPCVAAKIYRNLYREDRNIEAID,215
Q61176,SGNLHGQPVSFLLKELKGKFPDVPGFSWVTPCI,153
Q9WU19,GVRKGTDVLKALALGAKAVFVGRPIIWGLAFQG,309
P70694,PILGFGTYAPQEVPKSKATEATKIAIDAGFRHI,33
Q99LB2,LQGEGLSVTGIVCHVGKAEDREKLITTALKRHQ,93
Q9QXE0,QCPPDSQWWKTLREKMKSNEAISKELASQKSLP,361
P48962,GIIIYRAAYFGVYDTAKGMLPDPKNVHIIVSWM,199
Q9JHW2,KSDNLTRACSLVREAAKQGANIVSLPECFNSPY,33
Q8BMS1,AGIAQVSVDKGLKTLLKDTTVTGLGRGQQQVFK,390
Q91VR2,VAKQMKNEVAALTAAGKEVMIVGVGEKIKGILY,126
P61922,GRTMGCLATTHSKAIHKIDIPSFDWPIAPFPRL,235
P00329,LLGRTWKGAIFGGFKSKDSVPKLVADFMAKKFP,326
Q9DBT9,CSMGFHAGWEQPHWFYKPGQDTQYRPSFRRTNW,491
A2ATU0,PAAVSTLEEMAPGTAFKPVIGDSSVDPKNVKTL,790
Q8R164,PQAEPVATFGTAVTSAKVAVNGVHLHYQRVGEG,43
A2ATU0,QVHSHLLKMYVQSRMEKVKNGSGLDWATAETLA,563
Q91Y97,XXXMAHRFPALTPEQKKELSEIAQRIVANGKGI,14
Q9WUR2,WLSEECMNAIMSFVSRKPKLXXXXXXXXXXXXX,388
Q9EP89,LKFGNAMLYGYQVGQFKNSNENLLPGYLKPETM,428
Q3UEG6,YEVFRAALIQHMERRAKXXXXXXXXXXXXXXXX,513
Q91Y97,WGGKAANKKATQEAFMKRAMANCQAAQGQYVHT,330
P52825,LTIDAIQFQRGGKEFLKKKKLSPDAVAQLAFQM,457
Q71RI9,LGADLSDMNSDEPYDYKFVKWMTKHKKLTAIPV,397
O08749,KSEEQLKEEGIEFKIGKFPFAANSRAKTNADTD,420
Q91Y97,SQSIGGVILFHETLYQKDSQGNLFRNVLKEKGI,87
P38647,GGVFTKLINRNTTIPTKKSQVFSTAADGQTQVE,467
O55125,APRLCIISAAARRLFTKPRPRAGDLAAAGAVRF,18
P9WGV3,SNSFANQTIAQIELWTKNDEYDNEVYRLPKHLD,438
Q8QZR3,RLQFWTKTLPQKIQELKGSQDKHAELXXXXXXX,549
Q99JY0,SRMEQDEYALRSHSLAKKAQDEGHLSDIVPFKV,254
P12710,FEPFMKAIGLPEDLIQKGKDIKGVSEIVHEGKK,31
P54869,DVDKALLKASLDMFNQKTKASLYLSTNNGNMYT,367
P35486,RGGCAKGKGGSMHMYAKNFYGGNGIVGAQVPLG,158
P48962,AEKQYKGIIDCVVRIPKEQGFLSFWRGNLANVI,63
Q99JY0,PAVQTKSKKTLAKPNMKNIVVVEGVRIPFLLSG,53
P63038,LGDFVNMVEKGIIDPTKVVRTALLDAAGVASLL,523
P00329,GAARIIAVDINKDKFAKAKELGATECINPQDYS,232
Q8C196,QTISQGAIEKVKDATRKIAKAFAISGPFNVQFL,1229
P10648,GMKLVQTRAILNYIATKYDLYGKDMKERALIDM,78
P50544,LNNGRFGMAATLAGTMKSLIAKAVDHATNRTQF,354
Q9WTP7,LLRQNMLQGTEIGVLAKTFIDQGKLIPDDVMTR,57
P9WN51,DISPLQARCGWAVGWRKDAFFGRAALLAEKAAG,265
Q9QXF8,SFDNWVIEEANWLTLDKDVLSGDGFDAVICLGN,123
P9WGT3,GAFRVAQRASRSMQRNKFGRMIFIGSVSGSWGI,131
P9WPE9,GGVAVIKVGAATETALKERKESVEDAVAAAKAA,388
