Q9EQ20,VPQSTKAEMDAAVESCKRAFPAWADTSILSRQQ,87
P00329,IEDIEVAPPKAHEVRIKMVATGVCRSDDHVVSG,40
P25688,SIKEVATSVQLTLRSKKDYLHGDNSDIIPTDTI,55
P45952,VAPEYDKSGEYPFPLIKRAWELGLINAHIPESC,79
P9WIY3,NKLDYAQDRKVLCRFAKHPADTQTVLVVRHGTA,148
P00015,NPKKYIPGTKMIFAGIKKKSEREDLIKYLKQAT,87
O88986,AHKYRYRHLDMADLEAKLKEAQKHRLRLVATDG,184
Q9JLZ3,DIRVAASSAKMGLVETKLAIIPGGGGTQRLPRA,186
P08249,AIPELKASIKKGEDFVKNMKXXXXXXXXXXXXX,335
Q8BWT1,SREDCDRYALQSQQRWKAANEAGYFNEEMAPIE,191
P9WND5,DDLAWIKSQWPGKLVVKGIQTLDDARAVVDRGV,277
Q8C196,QTALNCGVELFKRGVLKEYGVKVLGTSVESIMA,527
P51174,CSHSGAEARLETPSAKKLTDVGIRRIFSSEHDI,43
Q9DB20,GGMIVRIGEKYVDMSAKSKIQKLSKAMREMLXX,199
Q8R123,AGEAVYKLAESGSCLGKKVAGALQTIETALAQY,283
Q3UUI3,RLLFDQFMKKCEDGSWKRMPSHRQNPTRAIQEF,65
Q8C196,SLIKKGKGTTITSVLPKPALVASRVEVSKVLIL,412
Q8K2B3,VRVDEYDYSKPIQGQQKKPFGEHWRKHTLSYVD,615
Q61425,LVAQKKLGKKTGEGFYKYKXXXXXXXXXXXXXX,312
Q9D172,PIGLCCIAPVLAAKVIKGVEVTVGHEQEEGGKW,186
Q9DBT9,RKYGALLKYPAPVTSLKPRPDGTWDVETPQGSV,216
Q8C196,SVESIMATEDRQLFSDKLNEINEKIAPSFAVES,553
Q9JLJ2,VFVQKEIADKFINEVVKQTQKIKLGDPLLEDTR,310
Q8QZS1,IENLRQDGSPFAIEQMKVINKMSPTSLKITLRQ,296
Q8BGA8,SNGACIFVHELPRVDAKTILNTLCRFPITTLCC,302
P05202,SKKMNLGVGAYRDDNGKPYVLPSVRKAEAQIAA,73
P54869,FNDFLSSSSDKQNNLYKGLEAFRGLKLEETYTN,333
Q3ULD5,SQLHERAQYVRLGGSEKARARHTSRGKLLPRDR,70
P9WN51,GWRKDAFFGRAALLAEKAAGPRRLLRGLRMVGR,278
Q8BMS1,RQQVYKTVEEKVKKQTKGLYPAPLKIIDAVKAG,295
Q9CQR4,KTLAFASVDLTNKTTGKLIAQGRHTKHLGNXXX,127
Q9DCX2,AKPGLVDDFEKKYNALKIPVPEDKYTALVDQEE,78
P08249,ELKASIKKGEDFVKNMKXXXXXXXXXXXXXXXX,338
Q99K67,QLSKKYNINPVSLTVGKQEAKLQSLVESQDLVI,535
P25688,NYGKNDEVEFVRTGYGKDMVKVLHIQRDGKYHS,23
P97807,FRVEFDTFGELKVPTDKYYGAQTVRSTMNFKIG,63
O08749,KHSAVKALTGGIAHLFKQNKVVHVNGFGKITGK,143
Q80XN0,LVFAGCLMKDKGDAGVKELDSLKSDRLRTIQLN,97
Q8BJ64,LSREIFAQEALAPFRGKELQPGSHVQSDKEIDA,486
Q91ZA3,HNIPLLREVIINTRFVKGDISTKFLSDVYPDGF,492
P25688,VDFEAIWGAVRDIVLQKFAGPYDKGEYSPSVQK,220
Q922B1,VDLSTSTDWKEAKSFLKGLSDKQREEHYFCKDF,101
P42125,KVGVVDEVVPEDQVHSKARSVMTKWLAIPDHSR,222
P05202,AYRDDNGKPYVLPSVRKAEAQIAAKNLDKEYLP,82
P42125,ECLTEFTISLEKLENDKSIRGVILTSECPGIFS,76
Q9CQ62,SRNIDVLKATAEEISSKTGNKVHAIRCDVRDPD,106
P11725,QYMLWLSADLKFRIKQKGEYLPLLQGKSLGMIF,70
Q99KI0,STIHCDHLIEAQVGGEKDLRRAKDINQEVYNFL,138
P9WG35,SGATVLCVSKDLPFAQKRFCGAEGTENVMPASA,90
Q9WUM5,GSYTASRKHIYIDKNTKIICQGFTGKQGTFHSQ,57
P52825,STRIPKPSRDELFTDTKARHLLVLRKGHFYVFD,239
P11725,EKKKRLQAFQGYQVTMKTAKVAASDWTFLHCLP,289
P42125,VVPEDQVHSKARSVMTKWLAIPDHSRQLTKNMM,229
Q60597,AWCQEEHKNQGYYDYVKPRLRTTIDRAKPVWYA,970
Q9WTP7,GEPLIQREDDKPETVIKRLKAYEAQTEPVLQYY,171
P47738,VNPSTGEVICQVAEGNKEDVDKAVKAARAAFQL,75
P56382,KTEFKANAEKTSGSSIKIVKVSKKEXXXXXXXX,44
P51660,KGGKAVANYDSVEAGEKLVKTALDTFGRIDVVV,81
Q9WVM8,LARKPSPIRTTADILSKAPKTLISLAPGSPNPS,28
Q8K2B3,VIALCIEDGSIHRIRAKNTVIATGGYGRTYFSC,250
Q9DBT9,PARARLQKDGKKTNLEKGPSRTTKLXXXXXXXX,861
Q9WVM8,KAGMFLWIKVKGISDTKQLIEEKAIEREVLLVP,367
P42125,FISKDSIQKSLHMYLEKLKQKKGXXXXXXXXXX,283
Q9DB20,ASPLDDAVLSELKTVLKSFLSPNQILKLEIKTD,162
Q99LB2,HVGKAEDREKLITTALKRHQGIDILVSNAAVNP,106
O35215,AGLENRLCAATATILDKPEDRVSVTIRPGMTLL,33
Q64433,QGKVLQATVVAVGSGGKGKSGEIEPVSVKVGDK,54
P08249,GLEKNLGIGKITPFEEKMIAEAIPELKASIKKG,314
Q8C196,KCLGLTEAQTRELRLKKNIHPWVKQIDTLAAEY,935
P9WPE7,TLVVNKIRGTFKSVAVKAPGFGDRRKAMLQDMA,275
Q8QZS1,RDVHRAGIATHFVDSEKLRVLEEELLALKSPSA,220
P97807,ASQNSFRVEFDTFGELKVPTDKYYGAQTVRSTM,58
P50544,LDQFATVVEAKLVKHKKGIVNEQFLLQRLADGA,557
P11725,NVLITDTWISMGQEDEKKKRLQAFQGYQVTMKT,274
P32020,KIGGIFAFKVKDGPGGKEATWVVDVKNGKGSVL,470
P11679,QQNKMLETKWSLLQQQKTSRSNMDNMFESYINN,136
Q03265,ELLGRVVDALGNAIDGKGPIGSKTRRRVGLKAP,161
Q8BWT1,YFNEEMAPIEVKTKKGKQTMQVDEHARPQTTLE,214
Q8C196,VTEETLRKAKEIGFSDKQISKCLGLTEAQTREL,915
Q99LP6,YKRALADTENLRQRSQKLVEEAKLYGIQGFCKD,94
Q9D0S9,RGNAGVSDGSEVAKAQKAAPGGASPTIFSRILD,45
Q8QZT1,QPATKLGTAAIQGAIEKAGIPKEEVKEVYMGNV,75
P12710,MTGEKVKAVVKLEGDNKMVTTFKGIKSVTELNG,90
P24270,NSANEDNVTQVRTFYTKVLNEEERKRLCENIAG,449
Q8CHT0,DKALLNRAIDAALAARKEWDLKPMADRAQVFLK,113
O55137,QDDHNWKSEFYADEISKRLQAHGKEKPQIICYP,338
P61922,GAFHGRTMGCLATTHSKAIHKIDIPSFDWPIAP,231
O35490,NCHFDPSVSLQTVKLMKEGLEAARLKAYLMSQP,232
Q99MN9,DMFVEHRCADFGMAADKNKFPGDSVVTGRGRIN,101
Q8K2B3,PSIKANAGEESVMNLDKLRFADGSIRTSELRLN,498
Q99LB7,NLGLQPLATEARPTTEKSVPYQRTLKEEAQGAS,38
Q9CQE1,PRQSNGTFYEFRTYFLKPSKTNEFLENFKNSVH,45
Q8BGA8,PRKVAFISELPKTVSGKILRSKLRNQEWGRXXX,565
Q8R4N0,KVDCAVLDCEDGVAENKKNEARLRIAKTLEDFD,80
Q8QZT1,PIDFPLAPAYAVPKVLKYAGLKKEDIAMWEVNE,335
O55137,LAPEQPVTLRSVLRDEKGALFRAHARYRADSHG,42
Q8R0F8,LCLDMTARDVQEECKKKGLPWTLAKSFTSSCPV,118
P56480,ILVTGIKVVDLLAPYAKGGKIGLFGGAGVGKTV,198
Q91VA0,CTTGGESLLPEEYEQWKQRTGLSIHEVYGQSET,352
Q8BWT1,QVDEHARPQTTLEQLQKLPSVFKKDGTVTAGNA,234
Q61425,KSKKGIEESLKRMAKKKFTENPKAGDEFVEKTL,81
Q9DBT9,PGSIRLATTPVRVDEFKYQMTRTNWHATEQYII,141
A2ATU0,KHFYALLKQRESLGTKKHDFAIIRLEELCPFPL,828
Q9CZN7,VKRKTAKLQDFKSFLLKDPETSQRLANLRQQVE,474
Q64433,XXXXXXXXXMAGQAFRKFLPLFDRVLVERSAAE,8
Q99LB2,APGLIKTRFSSVLWEEKAREDFIKEAMQIRRLG,228
Q9WUR2,PCNMPKPGMLDFVNKAKWDAWNALGSLPKETAR,90
Q91VA0,TQCLAAPGVYRMVLQQKTSNLRFPTLEHCTTGG,324
P08249,CTYFSTPLLLGKKGLEKNLGIGKITPFEEKMIA,301
O35490,SGLDMHTKPWIRARARKEYWQNLRIASGRPYNP,349
P11679,LMNVKLALDIEITTYRKLLEGEESRLESGMQNM,399
P51881,VYPLDFARTRLAADVGKAGAEREFKGLGDCLVK,147
Q9WTP7,GIDDLTGEPLIQREDDKPETVIKRLKAYEAQTE,165
Q99KI0,MSHFEPSEYIRYDLLEKNINIVRKRLNRPLTLS,50
P52196,LSLLKTYEQVLENLQSKRFQLVDSRAQGRYLGT,175
Q8BFR5,AAITKILAEGGGAKFKKYEEIDNAPEERARGIT,91
Q8BWT1,XXXXMALLRGVFIVAAKRTPFGAYGGLLKDFSA,13
P70694,EFQLTSEDMKVLDDLNKNIRYISGSSFKDHPDF,301
Q8CHT0,NRAIDAALAARKEWDLKPMADRAQVFLKAADML,118
Q9WTP7,LKAYEAQTEPVLQYYQKKGVLETFSGTETNKIW,189
Q8C196,LLTNFQVTKLFAEAVQKSRTVDSKSLFHYRQYS,1479
Q99KI0,DGKDLEDLQILIKVKGKCTTDHISAAGPWLKFR,591
P30115,TKAILNYIASKYNLYGKDMKERAIIDMYTEGVA,84
P52760,XXXXMSSIIRKVISTTKAPAAIGPYSQAVQVDR,13
Q99JY0,SAMLIMSEDRALAMGYKPKAYLRDFIYVSQDPK,333
O08749,VRLNLEKMMEQKHSAVKALTGGIAHLFKQNKVV,132
Q8C196,DPNKQNLIAEVSTKDVKVFGKGNPTKVVAVDCG,210
Q07417,LALESARLLTWRAAMLKDNKKPFTKESAMAKLA,335
Q8BFR5,TLTAAITKILAEGGGAKFKKYEEIDNAPEERAR,88
P10853,XXXXXXXXXXXMPEPAKSAPAPKKGSKKAVTKA,6
P10853,LLLPGELAKHAVSEGTKAVTKYTSSKXXXXXXX,117
Q99LC5,RLGGEVSCLVAGTKCDKVVQDLCKVAGVAKVLV,62
P38647,RHIVKEFKRETGVDLTKDNMALQRVREAAEKAK,300
Q8C196,FGISTGNIITGLAAGAKSYKMSMANRGQNQPVL,307
P50136,WWDEEQEKAWRKQSRKKVMEAFEQAERKLKPNP,386
P54869,INSLCLTVVQRLMERTKLPWDAVGRLEVGTETI,118
P10649,LKTIPEKMKLYSEFLGKRPWFAGDKVTYVDFLA,144
Q9DCY0,CLQSSQALQVLENSLRKHLPESLKVYGTVFHIN,19
Q99KR7,VKEGMDVVKKIESFGSKSGKTSKKIVITDCGQL,189
Q8K2B3,VLQEGCEKISQLYGDLKHLKTFDRGMVWNTDLV,547
P26443,VVPTAEFQDRISGASEKDIVHSGLAYTMERSAR,503
Q9WTP7,SGRLLRAVIMGAPGSGKGTVSSRITKHFELKHL,20
Q9JLJ2,LTQGQVCCNGTRVFVQKEIADKFINEVVKQTQK,298
I6YBZ8,LSVVTEVADIQDKGEGKNAIVVLRGRGCDPESG,113
Q61425,PMMKLVEVIKTPMTSQKTFESLVDFCKTLGKHP,192
Q9JLZ3,LELALACDIRVAASSAKMGLVETKLAIIPGGGG,179
P51881,APIERVKLLLQVQHASKQITADKQYKGIIDCVV,43
Q9QXF8,HRNYDYILSTGCAPPGKNIYYKSDLTKDITTSV,191
Q99L13,AVEVYSGANGILKKVKKGSLLIDSSTIDPSVSK,124
P9WP75,TLEENQKVEFEIGHSPKGPQATGVRSLXXXXXX,57
P26443,FDRGASIVEDKLVEDLKTRESEEQKRNRVRGIL,90
Q99KI0,IAGTLKFNPETDFLTGKDGKKFKLEAPDADELP,517
Q9EQ20,SILSRQQVLLRYQQLIKENLKEIARLITLEQGK,113
P9WPE7,KQIAFNSGLEPGVVAEKVRNLPAGHGLNAQTGV,465
Q99L13,KEAGEQVASSPAEVAEKADRIITMLPSSMNAVE,94
Q9EP89,KEKGGKNNEKSDAPKAKVEQDSEARCRSAKPGK,270
P54869,KLEETYTNKDVDKALLKASLDMFNQKTKASLYL,358
O35490,FPFGLEPRVATRWDIQKYAREAYNLGVRYIGGC,283
P14152,EGMERKDLLKANVKIFKSQGTALEKYAKKSVKV,110
Q9WUR2,ALNQVKLLKKDPGNEVKLRLYALYKQATEGPCN,60
Q99JY0,PIRHSRNMRKMMLDLNKAKTLGQRLSLLSKFRL,189
Q8BGA8,MRTGVVMIPGVSQLTAKDLKYRLQAARAKSIVT,151
P9WPE7,NSDSDYDREKLQERLAKLAGGVAVIKAGAATEV,369
P42125,LAIPDHSRQLTKNMMRKATADNLIKQREADIQN,247
Q61425,TEDILAKSKKGIEESLKRMAKKKFTENPKAGDE,75
Q78JN3,APSQGKRGADEKARESKDILVTSEDGITKITFN,62
Q9DCM2,QAQHFLEKISTQQVKNKLIENTDAACKYGAFGL,167
Q8C196,MCHPSVDGFTPRLPMNKEWPANLDLKKELSEPS,831
Q3UUI3,EKVIRKDYALPNPSWTKDLRLLFDQFMKKCEDG,46
P08249,SKETECTYFSTPLLLGKKGLEKNLGIGKITPFE,296
Q99L13,AMNLGIRSGLDPKLLAKILNMSSGRCWSSDTYN,241
P54071,WTKPITIGRHAHGDQYKATDFVVDRAGTFKLVF,180
P05202,ERVGAFTVVCKDAEEAKRVESQLKILIRPLYSN,302
Q99KI0,PRSDFDPGQDTYQHPPKDSSGQRVDVSPTSQRL,549
Q9DBM2,FRVSDLAGLDVGWKVRKGQGLTGPSLPPGTPTR,530
Q9CQ62,RYGMRFNIIQPGPIKTKGAFSRLDPTGRFEKEM,246
Q99LC5,VGISGAIQHLAGMKDSKTIVAINKDPEAPIFQV,294
